datetime;open;high;low;close;volume
2020-01-02;158.78;160.73;158.33;160.62;22622100
2020-01-03;158.32001;159.95;158.059998;158.62;21116200
2020-01-06;157.080002;159.10001;156.50999;159.029999;20813700
2020-01-07;159.32001;159.67;157.32001;157.58;21634100
2020-01-08;158.92999;160.8;157.95;160.089996;27746500
2020-01-09;161.84;162.22;161.029999;162.089996;21385000
2020-01-10;162.82001;163.22;161.17999;161.34;20725900
2020-01-13;161.75999;163.31;161.25999;163.28;21626500
2020-01-14;163.39;163.60001;161.72;162.13;23477400
2020-01-15;162.62;163.94;162.57001;163.17999;21417900
2020-01-16;164.35001;166.24001;164.029999;166.17;23865400
2020-01-17;167.42;167.47;165.42999;167.10001;34371700
2020-01-21;166.67999;168.19;166.42999;166.5;29517200
2020-01-22;167.39999;167.49001;165.67999;165.7;24138800
2020-01-23;166.19;166.8;165.27;166.72;19680800
2020-01-24;167.50999;167.53;164.45;165.039993;24918100
2020-01-27;161.14999;163.38;160.2;162.28;32078100
2020-01-28;163.78;165.75999;163.070007;165.46001;24899900
2020-01-29;167.84;168.75;165.69;168.039993;34754500
2020-01-30;174.050003;174.050003;170.78999;172.78;51597500
2020-01-31;172.21001;172.39999;169.58;170.23;36142700
2020-02-03;170.42999;174.5;170.39999;174.38;30107000
2020-02-04;177.14;180.64;176.31;180.12;36433300
2020-02-05;184.029999;184.2;178.41;179.89999;39186300
2020-02-06;180.97;183.82001;180.059998;183.63;27751400
2020-02-07;182.85001;185.63;182.48;183.89;33529100
2020-02-10;183.58;188.84;183.25;188.7;35844300
2020-02-11;190.64999;190.7;183.5;184.44;53159900
2020-02-12;185.58;185.85001;181.85001;184.71001;47062900
2020-02-13;183.080002;186.23;182.87;183.71001;35295800
2020-02-14;183.25;185.41;182.64999;185.35001;23149500
2020-02-18;185.61;187.7;185.5;187.23;27792200
2020-02-19;188.059998;188.17999;186.47;187.28;29997500
2020-02-20;186.95;187.25;181.10001;184.42;36862400
2020-02-21;183.17;183.5;177.25;178.59;48572600
2020-02-24;167.77;174.55;163.23;170.89;68311100
2020-02-25;174.2;174.84;167.64999;168.070007;68073300
2020-02-26;169.71001;173.25999;168.21001;170.17;56206100
2020-02-27;163.32001;167.029999;157.98;158.17999;93174900
2020-02-28;152.41;163.71001;152.0;162.0099945;97012700
2020-03-02;165.31;172.92;162.31;172.78999;71030800
2020-03-03;173.8;175.0;162.25999;164.50999;71677000
2020-03-04;168.49001;170.7;165.62;170.55;49814400
2020-03-05;166.050003;170.87;165.69;166.27;47817300
2020-03-06;162.61;163.11;156.0;161.57001;72821100
2020-03-09;151.0;157.75;150.0;150.62;70419300
2020-03-10;158.16;161.029999;152.58;160.92;65354400
2020-03-11;157.13;157.7;151.14999;153.63;56371600
2020-03-12;145.3;153.47;138.58;139.059998;93226400
2020-03-13;147.5;161.91;140.73;158.83;92727400
2020-03-16;140.0;149.35001;135.0;135.42;87905900
2020-03-17;140.0;147.5;135.0;146.57001;81059800
2020-03-18;138.0;146.0;135.020004;140.39999;81593200
2020-03-19;142.77;150.14999;139.0;142.71001;85922700
2020-03-20;146.0;147.10001;135.86;137.35001;84866200
2020-03-23;137.0099945;140.57001;132.52;135.98;78975200
2020-03-24;143.75;149.60001;141.27;148.34;82516700
2020-03-25;148.91;154.33;144.44;146.92;75638200
2020-03-26;148.39999;156.66;148.37;156.11;64568100
2020-03-27;151.75;154.89;149.2;149.7;57042300
2020-03-30;152.44;160.60001;150.0099945;160.23;63420300
2020-03-31;159.39999;164.78;156.56;157.71001;77927200
2020-04-01;153.0;157.75;150.82001;152.11;57969900
2020-04-02;151.86;155.48;150.36;155.25999;49630700
2020-04-03;155.10001;157.38;152.19;153.83;41243300
2020-04-06;160.32001;166.5;157.58;165.27;67111700
2020-04-07;169.59;170.0;163.25999;163.49001;62769000
2020-04-08;165.67;166.67;163.5;165.13;48318200
2020-04-09;166.36;167.37;163.33;165.14;51385100
2020-04-13;164.35001;165.57001;162.3;165.50999;41905300
2020-04-14;169.0;173.75;168.0;173.7;52874300
2020-04-15;171.2;173.57001;169.24001;171.88;40940800
2020-04-16;174.3;177.28;172.89999;177.039993;50479600
2020-04-17;179.5;180.0;175.87;178.60001;52765600
2020-04-20;176.63;178.75;174.99001;175.059998;36669600
2020-04-21;173.5;173.67;166.11;167.82001;56203700
2020-04-22;171.39;174.0;170.82001;173.52;34620200
2020-04-23;174.11;175.059998;170.91;171.42;32790800
2020-04-24;172.059998;174.56;170.71001;174.55;34277600
2020-04-27;176.59;176.89999;173.3;174.050003;33194400
2020-04-28;175.59;175.67;169.39;169.81;34392700
2020-04-29;173.22;177.67999;171.88;177.42999;51286600
2020-04-30;180.0;180.39999;176.23;179.21001;53875900
2020-05-01;175.8;178.64;174.0099945;174.57001;39370500
2020-05-04;174.49001;179.0;173.8;178.84;30372900
2020-05-05;180.62;183.64999;179.89999;180.75999;36839200
2020-05-06;182.080002;184.2;181.63;182.53999;32139300
2020-05-07;184.17;184.55;182.58;183.60001;28316000
2020-05-08;184.98;185.0;183.36;184.67999;30877800
2020-05-11;183.14999;187.50999;182.85001;186.74001;30892700
2020-05-12;186.8;187.039993;182.3;182.50999;32038200
2020-05-13;182.55;184.050003;176.53999;179.75;44711500
2020-05-14;177.53999;180.69;175.67999;180.53;41873900
2020-05-15;179.059998;187.059998;177.0;183.16;46610400
2020-05-18;185.75;186.2;183.96001;184.91;35264500
2020-05-19;185.029999;186.60001;183.49001;183.63;26799100
2020-05-20;184.81;185.85001;183.94;185.66;31261300
2020-05-21;185.39999;186.67;183.28999;183.42999;29119500
2020-05-22;183.19;184.46001;182.53999;183.50999;20826900
2020-05-26;186.34;186.5;181.10001;181.57001;36073600
2020-05-27;180.2;181.99001;176.60001;181.81;39517100
2020-05-28;180.74001;184.14999;180.38;181.39999;33810200
2020-05-29;182.73;184.27;180.41;183.25;42130400
2020-06-01;182.53999;183.0;181.46001;182.83;22622400
2020-06-02;184.25;185.0;181.35001;184.91;30794600
2020-06-03;184.82001;185.94;183.58;185.36;27311000
2020-06-04;184.3;185.84;182.3;182.92;28761800
2020-06-05;182.62;187.73;182.0099945;187.2;39893600
2020-06-08;185.94;188.55;184.44;188.36;33211600
2020-06-09;188.0;190.7;187.25999;189.8;29783900
2020-06-10;191.13;198.52;191.0099945;196.84;43872300
2020-06-11;193.13;195.75999;186.070007;186.27;52854700
2020-06-12;190.53999;191.72;185.17999;187.74001;43373600
2020-06-15;184.58;190.82001;184.0099945;188.94;32770200
2020-06-16;192.89;195.58;191.46001;193.57001;42556700
2020-06-17;195.029999;196.32001;193.69;194.24001;25687800
2020-06-18;194.0;196.49001;194.0;196.32001;23061600
2020-06-19;198.59;199.28999;194.37;195.14999;44441100
2020-06-22;195.78999;200.75999;195.23;200.57001;32818900
2020-06-23;202.089996;203.95;201.42999;201.91;30917400
2020-06-24;201.60001;203.25;196.56;197.84;36740600
2020-06-25;197.8;200.61;195.47;200.34;27803900
2020-06-26;199.73;199.89;194.88;196.33;54675800
2020-06-29;195.78;198.53;193.55;198.44;26701600
2020-06-30;197.88;204.39999;197.74001;203.50999;34310300
2020-07-01;203.14;206.35001;201.77;204.7;32061200
2020-07-02;205.67999;208.020004;205.0;206.25999;29315800
2020-07-06;208.83;211.13;208.089996;210.7;31897600
2020-07-07;210.45;214.67;207.99001;208.25;33600700
2020-07-08;210.070007;213.25999;208.69;212.83;33600000
2020-07-09;216.33;216.38;211.47;214.32001;33121700
2020-07-10;213.62;214.080002;211.080002;213.67;26177600
2020-07-13;214.48;215.8;206.5;207.070007;38135600
2020-07-14;206.13;208.85001;202.029999;208.35001;37591800
2020-07-15;209.56;211.33;205.029999;208.039993;32179400
2020-07-16;205.39999;205.7;202.31;203.92;29940700
2020-07-17;204.47;205.039993;201.39;202.88;31635300
2020-07-20;205.0;212.3;203.0099945;211.60001;36884800
2020-07-21;213.66;213.94;208.029999;208.75;37990400
2020-07-22;209.2;212.3;208.39;211.75;49605700
2020-07-23;207.19;210.92;202.14999;202.53999;67457000
2020-07-24;200.42;202.86;197.50999;201.3;39827000
2020-07-27;201.47;203.97;200.86;203.85001;30160900
2020-07-28;203.61;204.7;201.74001;202.020004;23251400
2020-07-29;202.5;204.64999;202.0099945;204.059998;19632600
2020-07-30;201.0;204.46001;199.57001;203.89999;25079600
2020-07-31;204.39999;205.10001;199.0099945;205.0099945;51044000
2020-08-03;211.52;217.64;210.44;216.53999;78983000
2020-08-04;214.17;214.77;210.31;213.28999;49280100
2020-08-05;214.89999;215.0;211.57001;212.94;28806400
2020-08-06;212.34;216.37;211.55;216.35001;32656800
2020-08-07;214.85001;215.7;210.92999;212.48;27820400
2020-08-10;211.67;211.88;206.35001;208.25;36716500
2020-08-11;207.16;207.64999;203.14;203.38;36446500
2020-08-12;205.28999;210.28;204.75;209.19;28013100
2020-08-13;209.44;211.35001;208.14999;208.7;22588900
2020-08-14;208.75999;209.59;207.50999;208.89999;17958900
2020-08-17;209.60001;211.19;208.92;210.28;20184800
2020-08-18;210.53;212.36;209.21001;211.49001;21336200
2020-08-19;211.49001;212.10001;209.25;209.7;27627600
2020-08-20;209.53999;215.0;208.91;214.58;26981500
2020-08-21;213.86;216.25;212.85001;213.020004;36249300
2020-08-24;214.78999;215.52;212.42999;213.69;25460100
2020-08-25;213.10001;216.61;213.10001;216.47;23043700
2020-08-26;217.88;222.089996;217.36;221.14999;39600800
2020-08-27;222.89;231.14999;219.39999;226.58;57602200
2020-08-28;228.17999;230.64;226.58;228.91;26292900
2020-08-31;227.0;228.7;224.31;225.53;28774200
2020-09-01;225.50999;227.45;224.42999;227.27;25725500
2020-09-02;227.97;232.86;227.35001;231.64999;34080800
2020-09-03;229.27;229.31;214.96001;217.3;58400300
2020-09-04;215.10001;218.36;205.19;214.25;59664100
2020-09-08;206.5;210.029999;202.2;202.66;52924300
2020-09-09;207.60001;214.84;206.7;211.28999;45679000
2020-09-10;213.39999;214.74001;204.11;205.37;35461500
2020-09-11;207.2;208.63;201.24001;204.029999;33620100
2020-09-14;204.24001;209.2;204.029999;205.41;30375800
2020-09-15;208.42;209.78;206.92999;208.78;21823900
2020-09-16;210.62;210.64999;204.64;205.050003;26328100
2020-09-17;200.050003;204.33;199.96001;202.91;34011300
2020-09-18;202.8;203.64999;196.25;200.39;55225300
2020-09-21;197.19;202.71001;196.38;202.53999;39839700
2020-09-22;205.059998;208.10001;202.080002;207.42;33517100
2020-09-23;207.89999;208.10001;200.029999;200.59;30803800
2020-09-24;199.85001;205.57001;199.2;203.19;31202500
2020-09-25;203.55;209.039993;202.53999;207.82001;29437300
2020-09-28;210.88;212.57001;208.059998;209.44;32004900
2020-09-29;209.35001;210.070007;206.81;207.25999;24221900
2020-09-30;207.73;211.98;206.53999;210.33;33829100
2020-10-01;213.49001;213.99001;211.32001;212.46001;27158400
2020-10-02;208.0;210.99001;205.53999;206.19;33154800
2020-10-05;207.22;210.41;206.98;210.38;21331600
2020-10-06;208.82001;210.17999;204.82001;205.91;28554300
2020-10-07;207.059998;210.11;206.72;209.83;25681100
2020-10-08;210.50999;211.19;208.32001;210.58;19925800
2020-10-09;211.23;215.86;211.23;215.81;26458000
2020-10-12;218.78999;223.86;216.81;221.39999;40461400
2020-10-13;222.72;225.21001;220.42999;222.86;28950800
2020-10-14;223.0;224.22;219.13;220.86;23421700
2020-10-15;217.10001;220.36;216.0099945;219.66;22733100
2020-10-16;220.14999;222.28999;219.32001;219.66;26057900
2020-10-19;220.42;222.3;213.72;214.22;27625800
2020-10-20;215.8;217.37;213.089996;214.64999;22753500
2020-10-21;213.12;216.92;213.12;214.8;22724900
2020-10-22;213.92999;216.059998;211.7;214.89;22351500
2020-10-23;215.029999;216.28;213.16;216.23;18879600
2020-10-26;213.85001;216.34;208.10001;210.080002;37111600
2020-10-27;211.59;214.67;210.33;213.25;36700300
2020-10-28;207.67;208.84;202.10001;202.67999;51195600
2020-10-29;204.070007;207.36;203.37;204.72;31432600
2020-10-30;203.5;204.28999;199.62;202.47;36953700
2020-11-02;204.28999;205.28;200.12;202.33;30842200
2020-11-03;203.89;208.12;203.12;206.42999;27512000
2020-11-04;214.020004;218.32001;212.42;216.39;42311800
2020-11-05;222.039993;224.12;221.14999;223.28999;36080100
2020-11-06;222.25999;224.36;218.029999;223.72;25231900
2020-11-09;224.44;228.12;217.88;218.39;44395000
2020-11-10;214.5;216.5;209.72;211.0099945;44045100
2020-11-11;212.39;218.039993;212.2;216.55;29440800
2020-11-12;217.21001;219.11;214.46001;215.44;21593900
2020-11-13;216.36;217.42;214.16;216.50999;18621100
2020-11-16;214.87;217.74001;214.52;217.23;24953300
2020-11-17;216.10001;217.67999;214.080002;214.46001;24154100
2020-11-18;213.64999;215.17;210.92999;211.080002;28372800
2020-11-19;211.38;213.029999;209.92999;212.42;24792700
2020-11-20;212.2;213.28999;210.0;210.39;22843100
2020-11-23;210.95;212.28999;208.16;210.11;25683500
2020-11-24;209.59;214.25;208.86;213.86;33979700
2020-11-25;215.11;215.28999;212.46001;213.87;21012900
2020-11-27;214.85001;216.27;214.039993;215.23;14512200
2020-11-30;214.10001;214.75999;210.84;214.070007;33064800
2020-12-01;214.50999;217.32001;213.35001;216.21001;30904500
2020-12-02;214.88;215.47;212.8;215.37;23724500
2020-12-03;214.61;216.38;213.64999;214.24001;25120900
2020-12-04;214.22;215.38;213.17999;214.36;24666000
2020-12-07;214.37;215.53999;212.99001;214.28999;24620000
2020-12-08;213.97;216.95;212.89;216.0099945;23284100
2020-12-09;215.16;215.23;211.21001;211.8;32440600
2020-12-10;211.77;213.080002;210.36;210.52;26733300
2020-12-11;210.050003;213.32001;209.11;213.25999;30979400
2020-12-14;213.10001;216.21001;212.88;214.2;28798400
2020-12-15;215.17;215.42;212.24001;214.13;27000600
2020-12-16;214.75;220.11;214.72;219.28;35023300
2020-12-17;219.87;220.89;217.92;219.42;32515800
2020-12-18;218.59;219.69;216.020004;218.59;63354900
2020-12-21;217.55;224.0;217.28;222.59;37181900
2020-12-22;222.69;225.63;221.85001;223.94;22612200
2020-12-23;223.11;223.56;220.8;221.020004;18699600
2020-12-24;221.42;223.61;221.2;222.75;10550600
2020-12-28;224.45;226.029999;223.020004;224.96001;17933500
2020-12-29;226.31;227.17999;223.58;224.14999;17403200
2020-12-30;225.23;225.63;221.47;221.67999;20272300
2020-12-31;221.7;223.0;219.67999;222.42;20942100
2021-01-04;222.53;223.0;214.81;217.69;37130100
2021-01-05;217.25999;218.52;215.7;217.89999;23823000
2021-01-06;212.17;216.49001;211.94;212.25;35930700
2021-01-07;214.039993;219.34;213.71001;218.28999;27694500
2021-01-08;218.67999;220.58;217.029999;219.62;22956200
2021-01-11;218.47;218.91;216.73;217.49001;23031300
2021-01-12;216.5;217.10001;213.32001;214.92999;23249300
2021-01-13;214.020004;216.75999;213.92999;216.34;20087100
2021-01-14;215.91;217.46001;212.74001;213.020004;29480800
2021-01-15;213.52;214.50999;212.029999;212.64999;31746500
2021-01-19;213.75;216.98;212.63;216.44;30480900
2021-01-20;217.7;225.78999;217.28999;224.34;37777300
2021-01-21;224.7;226.3;222.42;224.97;30709400
2021-01-22;227.080002;230.070007;225.8;225.95;30172700
2021-01-25;229.12;229.78;224.22;229.53;33152100
2021-01-26;231.86;234.17999;230.080002;232.33;49169600
2021-01-27;238.0;240.44;230.14;232.89999;69870600
2021-01-28;235.61;242.64;235.089996;238.92999;49111200
2021-01-29;235.99001;238.020004;231.35001;231.96001;42503100
2021-02-01;235.059998;242.5;232.42999;239.64999;33314200
2021-02-02;241.3;242.31;238.69;239.50999;25916300
2021-02-03;239.57001;245.089996;239.25999;243.0;27158100
2021-02-04;242.66;243.24001;240.37;242.0099945;25296100
2021-02-05;242.23;243.28;240.42;242.2;18054800
2021-02-08;243.14999;243.67999;240.81;242.47;22211900
2021-02-09;241.87;244.75999;241.38;243.77;23565000
2021-02-10;245.0;245.92;240.89;242.82001;22186700
2021-02-11;244.78;245.14999;242.14999;244.49001;15751100
2021-02-12;243.92999;245.3;242.73;244.99001;16561100
2021-02-16;245.029999;246.13;242.92;243.7;26728500
2021-02-17;241.32001;244.31;240.94;244.2;21653500
2021-02-18;241.8;243.92999;240.86;243.78999;16925600
2021-02-19;243.75;243.86;240.17999;240.97;25262600
2021-02-22;237.42;237.92999;232.39999;234.50999;36446900
2021-02-23;230.33;234.83;228.73;233.27;30228700
2021-02-24;230.0099945;235.2;229.0;234.55;26339700
2021-02-25;232.080002;234.59;227.88;228.99001;39542200
2021-02-26;231.53;235.37;229.53999;232.38;37819200
2021-03-01;235.89999;237.47;233.14999;236.94;25324000
2021-03-02;237.0099945;237.3;233.45;233.87;22812500
2021-03-03;232.16;233.58;227.25999;227.56;34029500
2021-03-04;226.74001;232.49001;224.25999;226.73;44727800
2021-03-05;229.52;233.27;226.46001;231.60001;41872800
2021-03-08;231.37;233.37;227.13;227.39;35267400
2021-03-09;232.88;235.38;231.67;233.78;33080500
2021-03-10;237.0;237.0;232.039993;232.42;29746800
2021-03-11;234.96001;239.17;234.31;237.13;29907600
2021-03-12;234.0099945;235.82001;233.23;235.75;22653700
2021-03-15;234.96001;235.19;231.81;234.81;26034900
2021-03-16;236.28;240.059998;235.94;237.71001;28092200
2021-03-17;236.14999;238.55;233.23;237.039993;29562100
2021-03-18;232.56;234.19;230.33;230.72;34833000
2021-03-19;231.020004;232.47;229.35001;230.35001;46430700
2021-03-22;230.27;236.89999;230.14;235.99001;30127000
2021-03-23;237.49001;241.050003;237.070007;237.58;31638400
2021-03-24;237.85001;238.0;235.32001;235.46001;25620100
2021-03-25;235.3;236.94;231.57001;232.34;34061900
2021-03-26;231.55;236.71001;231.55;236.48;25479900
2021-03-29;236.59;236.8;231.88;235.24001;25227500
2021-03-30;233.53;233.85001;231.10001;231.85001;24792000
2021-03-31;232.91;239.10001;232.39;235.77;43623500
2021-04-01;238.47;242.84;238.050003;242.35001;30338000
2021-04-05;242.75999;249.96001;242.7;249.070007;36910600
2021-04-06;247.61;249.39999;246.88;247.86;22931900
2021-04-07;247.81;250.92999;247.19;249.89999;22719800
2021-04-08;252.77;254.14;252.0;253.25;23625200
2021-04-09;252.87;255.99001;252.44;255.85001;24326800
2021-04-12;254.71001;257.67001;254.62;255.91;27148700
2021-04-13;257.26001;259.19;256.82999;258.48999;23837500
2021-04-14;257.48001;258.82999;255.16;255.59;23070900
2021-04-15;257.92999;259.92999;257.73001;259.5;25627500
2021-04-16;259.47;261.0;257.60001;260.73999;24878600
2021-04-19;260.19;261.48001;257.82001;258.73999;23209300
2021-04-20;257.82001;260.20001;256.84;258.26001;19722900
2021-04-21;258.94;260.67999;257.25;260.57999;24030400
2021-04-22;260.20999;261.78;255.64;257.17001;25606200
2021-04-23;257.88;261.51001;257.26999;261.14999;21462600
2021-04-26;261.66;262.44;260.17001;261.54999;19763300
2021-04-27;261.57999;263.19;260.12;261.97;31014200
2021-04-28;256.079987;256.54001;252.95;254.56;46903100
2021-04-29;255.46001;256.10001;249.0;252.50999;40589000
2021-04-30;249.74001;253.080002;249.60001;252.17999;30945100
2021-05-03;253.39999;254.35001;251.12;251.86;19626600
2021-05-04;250.97;251.21001;245.75999;247.78999;32756100
2021-05-05;249.059998;249.5;245.82001;246.47;21901300
2021-05-06;246.45;249.86;244.69;249.73;26491100
2021-05-07;252.14999;254.3;251.17;252.46001;27032900
2021-05-10;250.87;251.73;247.12;247.17999;29299900
2021-05-11;244.55;246.60001;242.57001;246.23;33641600
2021-05-12;242.17;244.38;238.070007;239.0;36684400
2021-05-13;241.8;245.60001;241.42;243.029999;29624300
2021-05-14;245.58;249.17999;245.49001;248.14999;23901100
2021-05-17;246.55;246.59;243.52;245.17999;24970200
2021-05-18;246.27;246.41;242.89999;243.080002;20168000
2021-05-19;239.31;243.23;238.60001;243.12;25739800
2021-05-20;243.96001;247.95;243.86;246.48;21800700
2021-05-21;247.57001;248.33;244.74001;245.17;21863100
2021-05-24;247.78999;251.16;247.50999;250.78;21411500
2021-05-25;251.77;252.75;250.82001;251.72;17704300
2021-05-26;251.42999;252.94;250.75;251.49001;17771600
2021-05-27;251.17;251.48;249.25;249.31;24426200
2021-05-28;251.0;252.080002;249.56;249.67999;18270200
2021-06-01;251.23;251.28999;246.96001;247.39999;23213300
2021-06-02;248.13;249.27;245.84;247.3;19406700
2021-06-03;245.22;246.34;243.0;245.71001;25307700
2021-06-04;247.75999;251.64999;247.50999;250.78999;25281100
2021-06-07;249.98;254.089996;249.81;253.81;23079200
2021-06-08;255.16;256.01001;252.50999;252.57001;22455000
2021-06-09;253.81;255.53;253.21001;253.59;17937600
2021-06-10;254.28999;257.45999;253.67;257.23999;24563600
2021-06-11;257.98999;258.48999;256.60999;257.89001;18999700
2021-06-14;257.89999;259.95001;256.79999;259.89001;19150500
2021-06-15;259.76999;259.98999;257.67999;258.35999;18038900
2021-06-16;259.39999;260.57999;254.42;257.38;27220000
2021-06-17;256.070007;261.75;256.01001;260.89999;27565500
2021-06-18;259.63;262.29999;258.75;259.42999;37202200
2021-06-21;259.82001;263.51999;257.92001;262.63;26696100
2021-06-22;262.72;265.79001;262.39999;265.51001;24694100
2021-06-23;265.98999;266.82999;264.42999;265.26999;19518700
2021-06-24;266.16;267.85001;265.47;266.69;21446900
2021-06-25;266.23001;267.25;264.76001;265.019989;25611100
2021-06-28;266.19;268.89999;265.91;268.72;19590000
2021-06-29;268.87;271.64999;267.98001;271.39999;19937800
2021-06-30;270.69;271.35999;269.60001;270.89999;21656500
2021-07-01;269.60999;271.84;269.60001;271.60001;16725300
2021-07-02;272.82001;278.0;272.5;277.64999;26458000
2021-07-06;278.029999;279.37;274.29999;277.66;31565600
2021-07-07;279.39999;280.69;277.14999;279.92999;23260000
2021-07-08;276.89999;278.73001;274.87;277.42001;24618600
2021-07-09;275.72;278.049988;275.32001;277.94;23916700
2021-07-12;279.16;279.76999;276.57999;277.32001;18931700
2021-07-13;277.51999;282.85001;277.39001;280.98001;26120100
2021-07-14;282.35001;283.66;280.54999;282.51001;23113700
2021-07-15;282.0;282.51001;279.82999;281.029999;22604200
2021-07-16;282.070007;284.10001;279.45999;280.75;26186800
2021-07-19;278.92999;280.37;274.45001;277.01001;32935600
2021-07-20;278.029999;280.97;276.26001;279.32001;26259700
2021-07-21;278.89999;281.51999;277.29001;281.39999;24364300
2021-07-22;283.84;286.42001;283.42001;286.14001;23384100
2021-07-23;287.37;289.98999;286.5;289.67001;22768100
2021-07-26;289.0;289.69;286.64001;289.049988;23176100
2021-07-27;289.42999;289.57999;282.95001;286.54001;33604100
2021-07-28;288.98999;290.14999;283.82999;286.22;33566900
2021-07-29;286.23999;288.62;286.079987;286.5;18168300
2021-07-30;285.17001;286.66;283.91;284.91;20944800
2021-08-02;286.35999;286.76999;283.73999;284.82001;16267400
2021-08-03;285.42001;287.23001;284.0;287.12;17879000
2021-08-04;286.22;287.59;284.64999;286.51001;16191300
2021-08-05;286.88;289.63;286.10001;289.51999;13900200
2021-08-06;288.51001;289.5;287.62;289.45999;16589300
2021-08-09;289.75;291.54999;287.81;288.32999;16117600
2021-08-10;288.79999;289.25;285.20001;286.44;18616600
2021-08-11;287.20999;288.66;285.85999;286.95001;13955900
2021-08-12;286.63;289.97;286.34;289.81;14561300
2021-08-13;289.48001;292.89999;289.29999;292.85001;18249000
2021-08-16;293.19;294.82001;290.019989;294.60001;22507600
2021-08-17;292.39001;293.42999;291.079987;293.079987;20075300
2021-08-18;292.040009;294.82001;290.26999;290.73001;21813000
2021-08-19;288.69;297.47;288.64001;296.76999;29850500
2021-08-20;299.72;305.84;298.059998;304.35999;40817600
2021-08-23;303.25;305.39999;301.85001;304.64999;22830200
2021-08-24;305.019989;305.64999;302.0;302.62;18175800
2021-08-25;304.29999;304.59;300.42001;302.01001;20006100
2021-08-26;300.98999;302.42999;298.95001;299.089996;17666100
2021-08-27;298.98999;300.87;296.82999;299.72;22605700
2021-08-30;301.12;304.22;301.059998;303.59;16348100
2021-08-31;304.42001;304.5;301.5;301.88;26285300
2021-09-01;302.87;305.19;301.48999;301.82999;18983800
2021-09-02;302.20001;303.35999;300.17999;301.14999;16285600
2021-09-03;300.98999;302.60001;300.26001;301.14001;14747900
2021-09-07;301.01001;301.089996;298.20001;300.17999;17180400
2021-09-08;299.78;300.60999;297.47;300.20999;15046800
2021-09-09;300.82001;302.14001;297.0;297.25;19927000
2021-09-10;298.42001;299.92001;295.38;295.70999;19633400
2021-09-13;297.54999;298.54001;294.079987;296.98999;23652900
2021-09-14;299.56;301.39001;298.10001;299.79001;21853400
2021-09-15;303.26001;305.32001;301.82001;304.82001;28356300
2021-09-16;303.76001;305.31;300.76001;305.22;19550800
2021-09-17;304.17001;304.5;299.53;299.87;41372500
2021-09-20;296.32999;298.72;289.51999;294.29999;38278700
2021-09-21;295.69;297.54001;294.070007;294.79999;22364100
2021-09-22;296.73001;300.22;294.51001;298.57999;26626300
2021-09-23;298.85001;300.89999;297.53;299.56;18604600
2021-09-24;298.23001;299.79999;296.92999;299.35001;14999000
2021-09-27;296.14001;296.47;292.94;294.17001;23571700
2021-09-28;289.79999;290.78;282.75;283.51999;43186200
2021-09-29;285.10001;286.76999;283.01001;284.0;26353700
2021-09-30;285.70999;287.82999;281.62;281.92001;32343600
2021-10-01;282.12;289.98001;281.29001;289.10001;30086300
2021-10-04;287.39999;287.75;280.25;283.10999;31350700
2021-10-05;284.049988;290.39999;284.049988;288.76001;24993000
2021-10-06;285.78;293.63;285.51001;293.10999;28002600
2021-10-07;295.17999;296.64001;293.92001;294.85001;20430500
2021-10-08;296.22;296.64001;293.76001;294.85001;17685700
2021-10-11;292.92001;297.97;292.75;294.23001;19298600
2021-10-12;295.34;295.44;292.35001;292.88;17974100
2021-10-13;294.91;297.28;293.48999;296.31;23416300
2021-10-14;299.20999;303.26999;297.82999;302.75;27262900
2021-10-15;302.34;304.45001;300.51999;304.20999;25384800
2021-10-18;303.57001;308.20999;302.69;307.29001;22729300
2021-10-19;308.35001;309.29999;307.22;308.23001;17682100
2021-10-20;309.20999;309.70001;306.10999;307.41;16537100
2021-10-21;307.17001;311.019989;306.35999;310.76001;16918100
2021-10-22;310.39999;311.089996;307.79999;309.16;17449300
2021-10-25;309.35999;309.39999;306.45999;308.13;17554500
2021-10-26;311.0;312.39999;308.60001;310.10999;28107300
2021-10-27;316.0;326.10001;316.0;323.17001;52588700
2021-10-28;324.32999;324.87;321.35999;324.35001;26297900
2021-10-29;324.13;332.0;323.89999;331.62;34766000
2021-11-01;331.35999;331.48999;326.37;329.37;27073200
2021-11-02;330.31;333.45001;330.0;333.13;26487100
2021-11-03;333.89999;334.89999;330.64999;334.0;21500100
2021-11-04;332.89001;336.54001;329.51001;336.44;23992200
2021-11-05;338.51001;338.79001;334.42001;336.059998;22570100
2021-11-08;337.29999;337.64999;334.44;336.98999;20897000
2021-11-09;337.10999;338.72;334.53;335.95001;21307400
2021-11-10;334.57001;334.63;329.92001;330.79999;25500900
2021-11-11;331.25;333.76999;330.51001;332.42999;16849800
2021-11-12;333.92001;337.23001;333.79001;336.72;23831000
2021-11-15;337.54001;337.88;334.029999;336.070007;16723000
2021-11-16;335.67999;340.67001;335.51001;339.51001;20886800
2021-11-17;338.94;342.19;338.0;339.12;19053400
2021-11-18;338.17999;342.45001;337.12;341.26999;22463500
2021-11-19;342.64001;345.10001;342.20001;343.10999;21963400
2021-11-22;344.62;349.67001;339.54999;339.82999;31031100
2021-11-23;337.049988;339.45001;333.56;337.67999;30427600
2021-11-24;336.28;338.16;333.91;337.91;21661300
2021-11-26;334.35001;337.92999;328.12;329.67999;24217200
2021-11-29;334.94;339.029999;334.73999;336.63;28563500
2021-11-30;335.32001;337.78;328.98999;330.59;42885600
2021-12-01;335.13;339.28;329.39001;330.079987;33337600
2021-12-02;330.29999;333.48999;327.79999;329.48999;30766000
2021-12-03;331.98999;332.70001;318.029999;323.01001;41779300
2021-12-06;323.95001;327.45001;319.23001;326.19;30032600
2021-12-07;331.64001;335.79999;330.10001;334.92001;31021900
2021-12-08;335.31;335.5;330.79999;334.97;24761000
2021-12-09;334.41;336.48999;332.12;333.10001;22214200
2021-12-10;334.98001;343.0;334.79001;342.54001;38095700
2021-12-13;340.67999;343.79001;339.079987;339.39999;28899400
2021-12-14;333.22;334.64001;324.10999;328.34;44438700
2021-12-15;328.60999;335.19;324.5;334.64999;35381100
2021-12-16;335.70999;336.76001;323.019989;324.89999;35034800
2021-12-17;320.88;324.92001;317.25;323.79999;47750300
2021-12-20;320.049988;322.79999;317.57001;319.91;28326500
2021-12-21;323.29001;327.73001;319.79999;327.29001;24740600
2021-12-22;328.29999;333.60999;325.75;333.20001;24831500
2021-12-23;332.75;336.39001;332.73001;334.69;19617800
2021-12-27;335.45999;342.48001;335.42999;342.45001;19947000
2021-12-28;343.14999;343.81;340.32001;341.25;15661500
2021-12-29;341.29999;344.29999;339.67999;341.95001;15042000
2021-12-30;341.91;343.13;338.82001;339.32001;15994500
2021-12-31;338.51001;339.35999;335.85001;336.32001;18000800
2022-01-03;335.35001;338.0;329.78;334.75;28865100
2022-01-04;334.82999;335.20001;326.12;329.01001;32674300
2022-01-05;325.85999;326.070007;315.98001;316.38;40054300
2022-01-06;313.14999;318.70001;311.48999;313.88;39646100
2022-01-07;314.14999;316.5;310.089996;314.040009;32720000
2022-01-10;309.48999;314.72;304.69;314.26999;44289500
2022-01-11;313.38;316.60999;309.89001;314.98001;29386800
2022-01-12;319.67001;323.41;317.079987;318.26999;34372200
2022-01-13;320.47;320.88;304.0;304.79999;45366000
2022-01-14;304.25;310.82001;303.75;310.20001;39846400
2022-01-18;304.070007;309.79999;301.73999;302.64999;42333200
2022-01-19;306.29001;313.91;302.70001;303.32999;45933900
2022-01-20;309.070007;311.64999;301.14001;301.60001;35380700
2022-01-21;302.69;304.10999;295.60999;296.029999;57984400
2022-01-24;292.20001;297.10999;276.049988;296.37;85731500
2022-01-25;291.51999;294.98999;285.17001;288.48999;72848600
2022-01-26;307.98999;308.5;293.029999;296.70999;90428900
2022-01-27;302.66;307.29999;297.92999;299.84;53481300
2022-01-28;300.23001;308.48001;294.45001;308.26001;49743700
2022-01-31;308.95001;312.38;306.37;310.98001;46444500
2022-02-01;310.41;310.63;305.13;308.76001;40950400
2022-02-02;309.63;315.12;308.88;313.45999;36636000
2022-02-03;309.48999;311.23001;299.95999;301.25;43730000
2022-02-04;300.20999;308.79999;299.97;305.94;35096500
2022-02-07;306.17001;307.84;299.89999;300.95001;28533300
2022-02-08;301.25;305.56;299.95001;304.56;32421200
2022-02-09;309.87;311.92999;307.39001;311.20999;31284700
2022-02-10;304.040009;309.12;300.70001;302.38;45386200
2022-02-11;303.19;304.29001;294.22;295.040009;39175600
2022-02-14;293.76999;296.76001;291.35001;295.0;36359500
2022-02-15;300.01001;300.79999;297.019989;300.47;27058300
2022-02-16;298.37;300.87;293.67999;299.5;29982100
2022-02-17;296.35999;296.79999;290.0;290.73001;32461600
2022-02-18;293.049988;293.85999;286.31;287.92999;34264000
2022-02-22;285.0;291.54001;284.5;287.72;41736100
2022-02-23;290.17999;291.70001;280.10001;280.26999;37811200
2022-02-24;272.51001;295.16;271.51999;294.59;56989700
2022-02-25;295.14001;297.63;291.64999;297.31;32546700
2022-02-28;294.31;299.14001;293.0;298.79001;34627500
2022-03-01;296.39999;299.97;292.14999;294.95001;31217800
2022-03-02;295.35999;301.47;293.70001;300.19;31873000
2022-03-03;302.89001;303.13;294.049988;295.92001;27314500
2022-03-04;294.29001;295.66;287.17001;289.85999;32356500
2022-03-07;288.53;289.69;278.53;278.91;43157200
2022-03-08;277.79999;283.95999;270.0;275.85001;48159500
2022-03-09;283.44;289.60001;280.78;288.5;35204500
2022-03-10;283.019989;286.60001;280.57999;285.59;30628000
2022-03-11;287.95999;289.51001;279.42999;280.070007;27209300
2022-03-14;280.34;285.39999;275.82001;276.44;30660700
2022-03-15;280.35001;287.82001;278.73001;287.14999;34245100
2022-03-16;289.10999;294.57001;283.20001;294.39001;37826300
2022-03-17;293.29001;295.60999;289.37;295.22;30816600
2022-03-18;295.37;301.0;292.73001;300.42999;43390600
2022-03-21;298.89001;300.14001;294.89999;299.16;28351200
2022-03-22;299.79999;305.0;298.76999;304.059998;27599700
2022-03-23;300.51001;303.23001;297.72;299.48999;25715400
2022-03-24;299.14001;304.20001;298.32001;304.10001;24484500
2022-03-25;305.23001;305.5;299.29001;303.67999;22566500
2022-03-28;304.32999;310.79999;304.32999;310.70001;29578200
2022-03-29;313.91;315.82001;309.049988;315.41;30393400
2022-03-30;313.76001;315.95001;311.57999;313.85999;28163600
2022-03-31;313.89999;315.14001;307.89001;308.31;33422100
2022-04-01;309.37;310.13;305.54001;309.42001;27110500
2022-04-04;310.089996;315.10999;309.70999;314.97;24289600
2022-04-05;313.26999;314.87;309.87;310.88;23156700
2022-04-06;305.19;307.0;296.70999;299.5;40110400
2022-04-07;296.66;303.64999;296.35001;301.37;31411200
2022-04-08;300.44;301.12;296.28;296.97;24361900
2022-04-11;291.79001;292.60999;285.0;285.26001;34569300
2022-04-12;289.23999;290.73999;280.48999;282.059998;30966700
2022-04-13;282.73001;288.57999;281.29999;287.62;21907200
2022-04-14;288.089996;288.31;279.32001;279.82999;28221600
2022-04-18;278.91;282.45999;278.34;280.51999;20778000
2022-04-19;279.38;286.17001;278.41;285.29999;22297700
2022-04-20;289.39999;289.70001;285.37;286.35999;22906700
2022-04-21;288.57999;293.29999;280.059998;280.81;29454600
2022-04-22;281.67999;283.20001;273.38;274.029999;29405800
2022-04-25;273.29001;281.10999;270.76999;280.72;35678900
2022-04-26;277.5;278.35999;270.0;270.22;46518400
2022-04-27;282.10001;290.97;279.16;283.22;63477700
2022-04-28;285.19;290.98001;281.45999;289.63;33646600
2022-04-29;288.60999;289.88;276.5;277.51999;37073900
2022-05-02;277.70999;284.94;276.22;284.47;35151100
2022-05-03;283.95999;284.13;280.14999;281.78;25978600
2022-05-04;282.59;290.88;276.73001;289.98001;33599300
2022-05-05;285.54001;286.35001;274.34;277.35001;43260400
2022-05-06;274.81;279.25;271.26999;274.73001;37780300
2022-05-09;270.059998;272.35999;263.32001;264.57999;47726000
2022-05-10;271.69;273.75;265.070007;269.5;39336400
2022-05-11;265.67999;271.35999;259.29999;260.54999;48975900
2022-05-12;257.69;259.88;250.020004;255.35001;51033800
2022-05-13;257.35001;263.040009;255.35001;261.12;34925100
2022-05-16;259.95999;265.82001;255.78;261.5;32550900
2022-05-17;266.10999;268.32999;262.45999;266.82001;28828800
2022-05-18;263.0;263.60001;252.77;254.080002;31356000
2022-05-19;253.89999;257.67001;251.88;253.14;32692300
2022-05-20;257.23999;258.54001;246.44;252.56;39199300
2022-05-23;255.49001;261.5;253.42999;260.64999;33175400
2022-05-24;257.89001;261.32999;253.5;259.62;29043900
2022-05-25;258.14001;264.57999;257.13;262.51999;28547900
2022-05-26;262.26999;267.10999;261.42999;265.89999;25002100
2022-05-27;268.48001;273.34;267.56;273.23999;26910800
2022-05-31;272.53;274.76999;268.92999;271.87;37827700
2022-06-01;275.20001;277.69;270.040009;272.42001;25292200
2022-06-02;264.45001;274.64999;261.60001;274.57999;44008200
2022-06-03;270.31;273.45001;268.41;270.019989;28059000
2022-06-06;272.059998;274.17999;267.22;268.75;22400300
2022-06-07;266.64001;273.13;265.94;272.5;22860700
2022-06-08;271.70999;273.0;269.60999;270.41;17372300
2022-06-09;267.78;272.70999;264.63;264.79001;26439700
2022-06-10;260.57999;260.57999;252.53;252.99001;31422800
2022-06-13;245.11;249.020004;241.53;242.25999;46135800
2022-06-14;243.86;245.74001;241.50999;244.49001;28651500
2022-06-15;248.31;255.3;246.42;251.75999;33111700
2022-06-16;245.98;247.42;243.020004;244.97;33169200
2022-06-17;244.7;250.5;244.029999;247.64999;43084800
2022-06-21;250.25999;254.75;249.50999;253.74001;29928300
2022-06-22;251.89;257.17001;250.37;253.13;25939900
2022-06-23;255.57001;259.37;253.63;258.85999;25861400
2022-06-24;261.81;267.98001;261.72;267.70001;33923200
2022-06-27;268.20999;268.29999;263.28;264.89001;24615100
2022-06-28;263.98001;266.91;256.32001;256.48001;27295500
2022-06-29;257.59;261.97;255.75999;260.26001;20069800
2022-06-30;257.049988;259.53;252.89999;256.82999;31730900
2022-07-01;256.39001;259.76999;254.61;259.57999;22837700
2022-07-05;256.16;262.98001;254.74001;262.85001;22941000
2022-07-06;263.75;267.98999;262.39999;266.20999;23824400
2022-07-07;265.12;269.059998;265.019989;268.39999;20859900
2022-07-08;264.79001;268.10001;263.29001;267.66;19658800
2022-07-11;265.64999;266.53;262.17999;264.51001;19455200
2022-07-12;265.88;265.94;252.039993;253.67;35868500
2022-07-13;250.19;253.55;248.11;252.72;29497400
2022-07-14;250.57001;255.14;245.94;254.080002;25102800
2022-07-15;255.72;260.37;254.77;256.72;29774100
2022-07-18;259.75;260.84;253.3;254.25;20975000
2022-07-19;257.57999;259.72;253.67999;259.53;25012600
2022-07-20;259.89999;264.87;258.91;262.26999;22788300
2022-07-21;259.79001;264.89001;257.029999;264.84;22404700
2022-07-22;265.23999;265.32999;259.070007;260.35999;21881300
2022-07-25;261.0;261.5;256.81;258.82999;21056000
2022-07-26;259.85999;259.88;249.57001;251.89999;39348000
2022-07-27;261.16;270.049988;258.85001;268.73999;45994000
2022-07-28;269.75;277.84;267.87;276.41;33459300
2022-07-29;277.70001;282.0;276.63;280.73999;32152800
2022-08-01;277.82001;281.28;275.84;278.01001;21539600
2022-08-02;276.0;277.89001;272.38;274.82001;22754200
2022-08-03;276.76001;283.5;276.60999;282.47;23518900
2022-08-04;281.79999;283.79999;280.17001;283.64999;18098700
2022-08-05;279.14999;283.64999;278.67999;282.91;16774600
2022-08-08;284.049988;285.92001;279.32001;280.32001;18739200
2022-08-09;279.64001;283.079987;277.60999;282.29999;23405200
2022-08-10;288.17001;289.81;286.94;289.16;24687800
2022-08-11;290.85001;291.20999;286.51001;287.019989;20065900
2022-08-12;288.48001;291.91;286.94;291.91;22619700
2022-08-15;291.0;294.17999;290.10999;293.47;18085700
2022-08-16;291.98999;294.040009;290.42001;292.70999;18102900
2022-08-17;289.73999;293.35001;289.47;291.32001;18253400
2022-08-18;290.19;291.91;289.079987;290.17001;17186200
2022-08-19;288.89999;289.25;285.56;286.14999;20570000
2022-08-22;282.079987;282.45999;277.22;277.75;25061100
2022-08-23;276.44;278.85999;275.39999;276.44;17527400
2022-08-24;275.41;277.23001;275.10999;275.79001;18137000
2022-08-25;277.32999;279.019989;274.51999;278.85001;16583400
2022-08-26;279.079987;280.34;267.98001;268.089996;27549300
2022-08-29;265.85001;267.39999;263.85001;265.23001;20338500
2022-08-30;266.67001;267.049988;260.66;262.97;22767100
2022-08-31;265.39001;267.10999;261.32999;261.47;24791800
2022-09-01;258.87;260.89001;255.41;260.39999;23263400
2022-09-02;261.70001;264.73999;254.47;256.059998;22855400
2022-09-06;256.20001;257.82999;251.94;253.25;21328200
2022-09-07;254.7;258.82999;253.22;258.089996;24126700
2022-09-08;257.51001;260.42999;254.78999;258.51999;20319900
2022-09-09;260.5;265.23001;260.29001;264.45999;22084700
2022-09-12;265.78;267.45001;265.16;266.64999;18747700
2022-09-13;258.84;260.39999;251.59;251.99001;33353300
2022-09-14;253.53;254.23;249.86;252.22;23913000
2022-09-15;249.77;251.39999;244.020004;245.38;31530900
2022-09-16;244.25999;245.3;242.059998;244.74001;39791800
2022-09-19;242.47;245.14;240.85001;244.52;26826900
2022-09-20;242.070007;243.50999;239.64;242.45;26660300
2022-09-21;244.27;247.66;238.89999;238.95;28625600
2022-09-22;237.87;243.86;237.57001;240.98;31061200
2022-09-23;239.53999;241.13;235.2;237.92;34176000
2022-09-26;237.050003;241.45;236.89999;237.45;27694200
2022-09-27;239.98;241.8;234.5;236.41;27018700
2022-09-28;236.81;242.33;234.73;241.070007;29029700
2022-09-29;238.89;239.95;234.41;237.5;27484200
2022-09-30;238.28999;240.53999;232.73;232.89999;35694800
2022-10-03;235.41;241.61;234.66;240.74001;28880400
2022-10-04;245.089996;250.36;244.98;248.88;34888400
2022-10-05;245.99001;250.58;244.10001;249.2;20347100
2022-10-06;247.92999;250.34;246.080002;246.78999;20239900
2022-10-07;240.89999;241.32001;233.17;234.24001;37769600
2022-10-10;233.050003;234.56;226.73;229.25;29743600
2022-10-11;227.62;229.059998;224.11;225.41;30474000
2022-10-12;225.39999;227.86;223.96001;225.75;21903900
2022-10-13;219.85001;236.10001;219.13;234.24001;42551800
2022-10-14;235.53999;237.24001;228.34;228.56;30198600
2022-10-17;235.82001;238.96001;235.14;237.53;28142300
2022-10-18;243.24001;243.92999;235.37;238.5;26329600
2022-10-19;237.039993;239.61;234.28999;236.48;19985700
2022-10-20;235.77;241.31;234.87;236.14999;21811000
2022-10-21;234.74001;243.0;234.5;242.12;26299700
2022-10-24;243.75999;247.84;241.3;247.25;24911200
2022-10-25;247.25999;251.039993;245.83;250.66;34775500
2022-10-26;231.17;238.3;230.059998;231.32001;82543200
2022-10-27;231.039993;233.69;225.78;226.75;40424600
2022-10-28;226.24001;236.60001;226.050003;235.87;40647700
2022-10-31;233.75999;234.92;231.14999;232.13;28357300
2022-11-01;234.60001;235.74001;227.33;228.17;30592300
2022-11-02;229.46001;231.3;220.039993;220.10001;38407000
2022-11-03;220.089996;220.41;213.98;214.25;36633900
2022-11-04;217.55;221.59;213.42999;221.39;36789100
2022-11-07;221.99001;228.41;221.28;227.87;33498000
2022-11-08;228.7;231.64999;225.84;228.87;28192500
2022-11-09;227.37;228.63;224.33;224.50999;27852900
2022-11-10;235.42999;243.33;235.0;242.98;46268000
2022-11-11;242.99001;247.99001;241.92999;247.11;34620200
2022-11-14;241.99001;243.91;239.21001;241.55;31123300
2022-11-15;245.66;247.0;240.029999;241.97;31390100
2022-11-16;242.78999;243.8;240.42;241.73;24093300
2022-11-17;237.78;243.25;237.63;241.67999;23123500
2022-11-18;243.50999;243.74001;239.029999;241.22;27613500
2022-11-21;241.42999;244.67;241.19;242.050003;26394700
2022-11-22;243.59;245.31;240.71001;245.029999;19665700
2022-11-23;245.11;248.28;244.27;247.58;19508500
2022-11-25;247.31;248.7;246.73;247.49001;9200800
2022-11-28;246.080002;246.64999;240.8;241.75999;24778200
2022-11-29;241.39999;242.78999;238.21001;240.33;17956300
2022-11-30;240.57001;255.33;239.86;255.14;47594200
2022-12-01;253.87;256.12;250.92;254.69;26041500
2022-12-02;249.82001;256.059998;249.69;255.020004;21528500
2022-12-05;252.0099945;253.82001;248.059998;250.2;23435300
2022-12-06;250.82001;251.86;243.78;245.12;22463700
2022-12-07;244.83;246.16;242.21001;244.37;20481500
2022-12-08;244.84;248.74001;243.059998;247.39999;22611800
2022-12-09;244.7;248.31;244.16;245.42;20609700
2022-12-12;247.45;252.53999;247.17;252.50999;30665100
2022-12-13;261.69;263.92001;253.070007;256.92001;42196900
2022-12-14;257.13;262.59;254.31;257.22;35410900
2022-12-15;253.72;254.2;247.34;249.0099945;35560400
2022-12-16;248.55;249.84;243.50999;244.69;86102000
2022-12-19;244.86;245.21001;238.71001;240.45;29696400
2022-12-20;239.39999;242.91;238.42;241.8;25150800
2022-12-21;241.69;245.62;240.11;244.42999;23690600
2022-12-22;241.25999;241.99001;233.87;238.19;28651700
2022-12-23;236.11;238.87;233.94;238.73;21207000
2022-12-27;238.7;238.92999;235.83;236.96001;16688600
2022-12-28;236.89;239.72;234.17;234.53;17457100
2022-12-29;235.64999;241.92;235.64999;241.0099945;19770700
2022-12-30;238.21001;239.96001;236.66;239.82001;21938500
2023-01-03;243.080002;245.75;237.39999;239.58;25740000
2023-01-04;232.28;232.87;225.96001;229.10001;50623400
2023-01-05;227.2;227.55;221.75999;222.31;39585600
2023-01-06;223.0;225.75999;219.35001;224.92999;43613600
2023-01-09;226.45;231.24001;226.41;227.12;27369800
2023-01-10;227.75999;231.31;227.33;228.85001;27033900
2023-01-11;231.28999;235.95;231.11;235.77;28669300
2023-01-12;235.25999;239.89999;233.56;238.50999;27269500
2023-01-13;237.0;239.37;234.92;239.23;21333300
2023-01-17;237.97;240.91;237.089996;240.35001;29831300
2023-01-18;241.57001;242.38;235.52;235.81;30028700
2023-01-19;233.78;235.52;230.67999;231.92999;28623000
2023-01-20;234.86;240.74001;234.50999;240.22;35389800
2023-01-23;241.10001;245.17;239.64999;242.58;31934000
2023-01-24;242.5;243.95;240.44;242.039993;40234400
2023-01-25;234.48;243.3;230.89999;240.61;66526600
2023-01-26;243.64999;248.31;242.0;248.0;33454500
2023-01-27;248.99001;249.83;246.83;248.16;26498900
2023-01-30;244.50999;245.60001;242.2;242.71001;25867400
2023-01-31;243.45;247.95;242.95;247.81;26541100
2023-02-01;248.0;255.17999;245.47;252.75;31259900
2023-02-02;258.82001;264.69;257.25;264.60001;39940400
2023-02-03;259.54001;264.20001;257.10001;258.35001;29077300
2023-02-06;257.44;258.29999;254.78;256.76999;22518000
2023-02-07;260.53;268.76999;260.079987;267.56;50841400
2023-02-08;273.20001;276.76001;266.20999;266.73001;54686000
2023-02-09;273.79999;273.98001;262.79999;263.62;42375100
2023-02-10;261.53;264.089996;260.66;263.10001;25818500
2023-02-13;267.64001;274.60001;267.14999;271.32001;44630900
2023-02-14;272.67001;274.97;269.28;272.17001;37047900
2023-02-15;268.32001;270.73001;266.17999;269.32001;28922400
2023-02-16;264.019989;266.73999;261.89999;262.14999;29603600
2023-02-17;259.39001;260.089996;256.0;258.059998;30000100
2023-02-21;254.48;255.49001;251.59;252.67;28397400
2023-02-22;254.089996;254.34;250.34;251.50999;22491100
2023-02-23;255.56;256.84;250.48;254.77;29219100
2023-02-24;249.96001;251.0;248.10001;249.22;24990900
2023-02-27;252.46001;252.82001;249.39;250.16;21190000
2023-02-28;249.070007;251.49001;248.73;249.42;22491000
2023-03-01;250.75999;250.92999;245.78999;246.27;27565300
2023-03-02;246.55;251.39999;245.61;251.11;24808200
2023-03-03;252.19;255.62;251.39;255.28999;30760100
2023-03-06;256.42999;260.12;255.98;256.87;24109800
2023-03-07;256.29999;257.69;253.39;254.14999;21473200
2023-03-08;254.039993;254.53999;250.81;253.7;17340200
2023-03-09;255.82001;259.56;251.58;252.32001;26653400
2023-03-10;251.080002;252.78999;247.60001;248.59;28333900
2023-03-13;247.39999;257.91;245.73;253.92;33339700
2023-03-14;256.75;261.070007;255.86;260.79001;33620300
2023-03-15;259.98001;266.48001;259.20999;265.44;46028000
2023-03-16;265.20999;276.56;263.28;276.20001;54768800
2023-03-17;278.26001;283.32999;276.32001;279.42999;69527400
2023-03-20;276.98001;277.48001;269.85001;272.23001;43466600
2023-03-21;274.88;275.0;269.51999;273.78;34558700
2023-03-22;273.39999;281.040009;272.17999;272.29001;34873300
2023-03-23;277.94;281.059998;275.20001;277.66;36610900
2023-03-24;277.23999;280.63;275.28;280.57001;28172000
2023-03-27;280.5;281.45999;275.51999;276.38;26840200
2023-03-28;275.79001;276.14001;272.049988;275.23001;21878600
2023-03-29;278.95999;281.14001;278.41;280.51001;25087000
2023-03-30;284.23001;284.45999;281.48001;284.049988;25053400
2023-03-31;283.73001;289.26999;283.0;288.29999;32766000
2023-04-03;286.51999;288.26999;283.95001;287.23001;24883300
2023-04-04;287.23001;290.45001;285.67001;287.17999;25824300
2023-04-05;285.85001;287.14999;282.92001;284.34;22064800
2023-04-06;283.20999;292.079987;282.029999;291.60001;29770300
2023-04-10;289.20999;289.60001;284.70999;289.39001;23103000
2023-04-11;285.75;285.98001;281.64001;282.82999;27276600
2023-04-12;284.79001;287.01001;281.95999;283.48999;27403400
2023-04-13;283.59;289.89999;283.17001;289.84;24222700
2023-04-14;287.0;288.48001;283.69;286.14001;20987900
2023-04-17;289.92999;291.60001;286.16;288.79999;23836200
2023-04-18;291.57001;291.76001;287.01001;288.37;20161800
2023-04-19;285.98999;289.049988;284.54001;288.45001;17150300
2023-04-20;285.25;289.029999;285.079987;286.10999;23244400
2023-04-21;285.01001;286.26999;283.059998;285.76001;21676400
2023-04-24;282.089996;284.95001;278.72;281.76999;26611000
2023-04-25;279.51001;281.60001;275.37;275.42001;45772200
2023-04-26;296.70001;299.57001;292.73001;295.37;64599200
2023-04-27;295.97;305.20001;295.25;304.82999;46462600
2023-04-28;304.01001;308.92999;303.31;307.26001;36446700
2023-05-01;306.97;308.60001;305.14999;305.56;21294100
2023-05-02;307.76001;309.17999;303.91;305.41;26404400
2023-05-03;306.62;308.60999;304.089996;304.39999;22360800
2023-05-04;306.23999;307.76001;303.39999;305.41;22519900
2023-05-05;305.72;311.97;304.26999;310.64999;28181200
2023-05-08;310.13;310.20001;306.089996;308.64999;21318600
2023-05-09;308.0;310.040009;306.31;307.0;21340800
2023-05-10;308.62;313.0;307.67001;312.31;30078000
2023-05-11;310.10001;311.12;306.26001;310.10999;31680200
2023-05-12;310.54999;310.64999;306.60001;308.97;19758100
2023-05-15;309.10001;309.89999;307.59;309.45999;16336500
2023-05-16;309.82999;313.70999;309.82999;311.73999;26730300
2023-05-17;312.29001;314.42999;310.73999;314.0;24315000
2023-05-18;314.53;319.040009;313.72;318.51999;27276000
2023-05-19;316.73999;318.75;316.37;318.34;27529500
2023-05-22;318.60001;322.59;318.01001;321.17999;24115700
2023-05-23;320.029999;322.72;315.25;315.26001;30797200
2023-05-24;314.73001;316.5;312.60999;313.85001;23384900
2023-05-25;323.23999;326.89999;320.0;325.92001;43301700
2023-05-26;324.019989;333.39999;323.88;332.89001;36630600
2023-05-30;335.23001;335.73999;330.51999;331.20999;29503100
2023-05-31;332.29001;335.94;327.32999;328.39001;45950600
2023-06-01;325.92999;333.53;324.72;332.57999;26773900
2023-06-02;334.25;337.5;332.54999;335.39999;25864000
2023-06-05;335.22;338.56;334.66;335.94;21307100
2023-06-06;335.32999;335.37;332.17001;333.67999;20396200
2023-06-07;331.64999;334.48999;322.5;323.38;40717100
2023-06-08;323.94;326.64001;323.35001;325.26001;23277700
2023-06-09;324.98999;329.98999;324.41;326.79001;22514900
2023-06-12;328.57999;332.10001;325.16;331.85001;24260300
2023-06-13;334.47;336.98001;330.39001;334.29001;22951300
2023-06-14;334.34;339.040009;332.81;337.34;26003800
2023-06-15;337.48001;349.84;337.20001;348.10001;38899100
2023-06-16;351.32001;351.47;341.95001;342.32999;46533600
2023-06-20;339.31;342.079987;335.85999;338.049988;26375400
2023-06-21;336.37;337.73001;332.070007;333.56;25117800
2023-06-22;334.12;340.12;333.34;339.70999;23556800
2023-06-23;334.35999;337.95999;333.45001;335.019989;23084700
2023-06-26;333.72;336.10999;328.48999;328.60001;21520600
2023-06-27;331.85999;336.14999;329.29999;334.57001;24354100
2023-06-28;334.66;337.98001;333.81;335.85001;20259500
2023-06-29;334.70999;336.10999;332.62;335.049988;16997000
2023-06-30;337.75;342.73001;337.20001;340.54001;26823800
2023-07-03;339.19;340.89999;336.57001;337.98999;12508700
2023-07-05;335.089996;341.64999;334.73001;338.14999;18172400
2023-07-06;337.29999;342.98999;335.5;341.26999;28161200
2023-07-07;339.32001;341.79001;337.0;337.22;21185300
2023-07-10;334.60001;335.23001;327.59;331.82999;32791400
2023-07-11;331.059998;332.85999;327.0;332.47;26698200
2023-07-12;336.60001;341.64999;335.67001;337.20001;29995300
2023-07-13;339.56;343.73999;339.019989;342.66;20567200
2023-07-14;347.59;351.42999;344.31;345.23999;28302200
2023-07-17;345.67999;346.98999;342.20001;345.73001;20363900
2023-07-18;345.82999;366.78;342.17001;359.48999;64872700
2023-07-19;361.75;362.45999;352.44;355.079987;39732900
2023-07-20;353.57001;357.97;345.37;346.87;33778400
2023-07-21;349.14999;350.29999;339.82999;343.76999;69368900
2023-07-24;345.85001;346.92001;342.31;345.10999;26678100
2023-07-25;347.10999;351.89001;345.070007;350.98001;41637700
2023-07-26;341.44;344.67001;333.10999;337.76999;58383700
2023-07-27;340.48001;341.32999;329.049988;330.72;39635300
2023-07-28;333.67001;340.01001;333.17001;338.37;28484900
2023-07-31;336.92001;337.70001;333.35999;335.92001;25446000
2023-08-01;335.19;338.54001;333.70001;336.34;18311900
2023-08-02;333.63;333.63;326.35999;327.5;27761300
2023-08-03;326.0;329.88;325.95001;326.66;18253700
2023-08-04;331.88;335.14001;327.23999;327.78;23727700
2023-08-07;328.37;331.10999;327.51999;330.10999;17741500
2023-08-08;326.95999;328.75;323.0;326.049988;22327600
2023-08-09;326.47;327.10999;321.049988;322.23001;22373300
2023-08-10;326.019989;328.26001;321.17999;322.92999;20113700
2023-08-11;320.26001;322.41;319.20999;321.01001;24342600
2023-08-14;321.39001;324.059998;320.079987;324.040009;18836100
2023-08-15;323.0;325.089996;320.89999;321.85999;16966300
2023-08-16;320.79999;324.42001;319.79999;320.39999;20698900
2023-08-17;320.54001;321.87;316.20999;316.88;21257200
2023-08-18;314.48999;318.38;311.54999;316.48001;24744800
2023-08-21;317.92999;322.76999;317.040009;321.88;24040000
2023-08-22;325.5;326.079987;321.45999;322.45999;16102000
2023-08-23;323.82001;329.20001;323.45999;327.0;21166400
2023-08-24;332.85001;332.98001;319.95999;319.97;23281400
2023-08-25;321.47;325.35999;318.79999;322.98001;21684100
2023-08-28;325.66;326.14999;321.72;323.70001;14808500
2023-08-29;321.88;328.98001;321.88;328.41;19284600
2023-08-30;328.67001;329.81;326.45001;328.79001;15222100
2023-08-31;329.20001;330.91;326.78;327.76001;26411000
2023-09-01;331.31;331.98999;326.78;328.66;14931200
2023-09-05;329.0;334.85001;328.66;333.54999;18553900
2023-09-06;333.38;334.45999;330.17999;332.88;17535800
2023-09-07;331.29001;333.079987;329.029999;329.91;18381000
2023-09-08;330.089996;336.16;329.45999;334.26999;19530100
2023-09-11;337.23999;338.42001;335.42999;337.94;16583300
2023-09-12;335.82001;336.79001;331.48001;331.76999;17565500
2023-09-13;331.31;336.85001;331.17001;336.059998;16544400
2023-09-14;339.14999;340.85999;336.57001;338.70001;20267000
2023-09-15;336.92001;337.39999;329.64999;330.22;37666900
2023-09-18;327.79999;330.39999;326.35999;329.059998;16834200
2023-09-19;326.17001;329.39001;324.51001;328.64999;16505900
2023-09-20;329.51001;329.59;320.51001;320.76999;21436500
2023-09-21;319.26001;325.35001;315.0;319.53;35529500
2023-09-22;321.32001;321.45001;316.14999;317.01001;21447900
2023-09-25;316.59;317.67001;315.0;317.54001;17836000
2023-09-26;315.13;315.88;310.019989;312.14001;26297600
2023-09-27;312.29999;314.29999;309.69;312.79001;19410100
2023-09-28;310.98999;315.48001;309.45001;313.64001;19683600
2023-09-29;317.75;319.47;314.98001;315.75;24140300
2023-10-02;316.28;321.89001;315.17999;321.79999;20570000
2023-10-03;320.82999;321.39001;311.20999;313.39001;21033500
2023-10-04;314.029999;320.040009;314.0;318.95999;20720100
2023-10-05;319.089996;319.98001;314.89999;319.35999;16965600
2023-10-06;316.54999;329.19;316.29999;327.26001;25645500
2023-10-09;324.75;330.29999;323.17999;329.82001;19891200
2023-10-10;330.95999;331.10001;327.67001;328.39001;20557100
2023-10-11;331.20999;332.82001;329.14001;332.42001;20063200
2023-10-12;330.57001;333.63;328.72;331.16;19313100
2023-10-13;332.38;333.82999;326.35999;327.73001;21072400
2023-10-16;331.049988;336.14001;330.60001;332.64001;22158000
2023-10-17;329.59;333.45999;327.41;332.059998;18338500
2023-10-18;332.48999;335.59;328.29999;330.10999;23153600
2023-10-19;332.14999;336.88;330.91;331.32001;25052100
2023-10-20;331.72;331.92001;325.45001;326.67001;25012600
2023-10-23;325.47;332.73001;324.39001;329.32001;24374700
2023-10-24;331.29999;331.84;327.60001;330.53;31153600
2023-10-25;345.019989;346.20001;337.62;340.67001;55053800
2023-10-26;340.54001;341.63;326.94;327.89001;37828500
2023-10-27;330.42999;336.72;328.39999;329.81;29856500
2023-10-30;333.41;339.45001;331.82999;337.31;22828100
2023-10-31;338.85001;339.0;334.69;338.10999;20265300
2023-11-01;339.79001;347.42001;339.64999;346.070007;28158800
2023-11-02;347.23999;348.82999;344.76999;348.32001;24348100
2023-11-03;349.63;354.39001;347.32999;352.79999;23624000
2023-11-06;353.45001;357.54001;353.35001;356.53;23828300
2023-11-07;359.39999;362.45999;357.63;360.53;25833900
2023-11-08;361.67999;363.87;360.54999;363.20001;26767800
2023-11-09;362.29999;364.79001;360.35999;360.69;24847300
2023-11-10;361.48999;370.10001;361.070007;369.67001;28042100
2023-11-13;368.22;368.47;365.89999;366.67999;19986500
2023-11-14;371.01001;371.95001;367.35001;370.26999;27683900
2023-11-15;371.28;373.13;367.10999;369.67001;26860100
2023-11-16;370.95999;376.35001;370.17999;376.17001;27182300
2023-11-17;373.60999;374.37;367.0;369.85001;40157000
2023-11-20;371.22;378.87;371.0;377.44;52465100
2023-11-21;375.67001;376.22;371.12;373.070007;28423100
2023-11-22;378.0;379.79001;374.97;377.85001;23345300
2023-11-24;377.32999;377.97;375.14001;377.42999;10176600
2023-11-27;376.78;380.64001;376.20001;378.60999;22179200
2023-11-28;378.35001;383.0;378.16;382.70001;20453100
2023-11-29;383.76001;384.29999;377.44;378.85001;28963400
2023-11-30;378.48999;380.089996;375.47;378.91;30554400
2023-12-01;376.76001;378.16;371.31;374.51001;33020400
2023-12-04;369.10001;369.51999;362.89999;369.14001;32063300
2023-12-05;366.45001;373.079987;365.62;372.51999;23065000
2023-12-06;373.54001;374.17999;368.029999;368.79999;21182100
2023-12-07;368.23001;371.45001;366.32001;370.95001;23118900
2023-12-08;369.20001;374.45999;368.23001;374.23001;20144800
2023-12-11;368.48001;371.60001;366.10001;371.29999;27708800
2023-12-12;370.85001;374.42001;370.45999;374.38;24838300
2023-12-13;376.019989;377.64001;370.76999;374.37;30955500
2023-12-14;373.31;373.76001;364.13;365.92999;43277500
2023-12-15;366.85001;372.39999;366.28;370.73001;78478200
2023-12-18;369.45001;373.0;368.67999;372.64999;21802900
2023-12-19;371.48999;373.26001;369.84;373.26001;20603700
2023-12-20;375.0;376.029999;370.53;370.62;26316700
2023-12-21;372.56;374.41;370.040009;373.54001;17708000
2023-12-22;373.67999;375.17999;372.70999;374.57999;17091100
2023-12-26;375.0;376.94;373.5;374.66;12673100
2023-12-27;373.69;375.059998;372.81;374.070007;14905400
2023-12-28;375.37;376.45999;374.16;375.28;14327000
2023-12-29;376.0;377.16;373.48001;376.040009;18723000
2024-01-02;373.85999;375.89999;366.76999;370.87;25258600
2024-01-03;369.01001;373.26001;368.51001;370.60001;23083500
2024-01-04;370.67001;373.10001;367.17001;367.94;20901500
2024-01-05;368.97;372.059998;366.5;367.75;20987000
2024-01-08;369.29999;375.20001;369.01001;374.69;23134000
2024-01-09;372.01001;375.98999;371.19;375.79001;20830000
2024-01-10;376.37;384.17001;376.32001;382.76999;25514200
2024-01-11;386.0;390.67999;380.38;384.63;27850800
2024-01-12;385.48999;388.67999;384.64999;388.47;21645700
2024-01-16;393.66;394.029999;387.62;390.26999;27202300
2024-01-17;387.98001;390.10999;384.81;389.47;22234100
2024-01-18;391.72;393.98999;390.12;393.87;23392100
2024-01-19;395.76001;398.67001;393.5;398.67001;29272000
2024-01-22;400.019989;400.62;393.59;396.51001;27016900
2024-01-23;395.75;399.38;393.92999;398.89999;20525900
2024-01-24;401.54001;405.63;400.45001;402.56;24867000
2024-01-25;404.32001;407.01001;402.53;404.87;21021200
2024-01-26;404.37;406.17001;402.42999;403.92999;17803300
2024-01-29;406.059998;409.98001;404.32999;409.72;24510200
2024-01-30;412.26001;413.049988;406.45001;408.59;33477600
2024-01-31;406.95999;415.32001;397.20999;397.57999;47871100
2024-02-01;401.82999;408.0;401.79999;403.78;30657700
2024-02-02;403.81;412.64999;403.56;411.22;28245000
2024-02-05;409.89999;411.16;403.98999;405.64999;25352300
2024-02-06;405.88;407.97;402.91;405.48999;18382600
2024-02-07;407.44;414.29999;407.39999;414.049988;22340500
2024-02-08;414.049988;415.56;412.53;414.10999;21225300
2024-02-09;415.25;420.82001;415.089996;420.54999;22032800
2024-02-12;420.56;420.73999;414.75;415.26001;21202900
2024-02-13;404.94;410.070007;403.39001;406.32001;27824900
2024-02-14;408.070007;409.84;404.57001;409.48999;20401200
2024-02-15;408.14001;409.13;404.29001;406.56;21825500
2024-02-16;407.95999;408.29001;403.44;404.059998;22281100
2024-02-20;403.23999;404.48999;398.01001;402.79001;24307900
2024-02-21;400.17001;402.29001;397.22;402.17999;18631100
2024-02-22;410.19;412.82999;408.57001;411.64999;27009900
2024-02-23;415.67001;415.85999;408.97;410.34;16295900
2024-02-26;411.45999;412.16;407.35999;407.54001;16193500
2024-02-27;407.98999;408.32001;403.85001;407.48001;14835800
2024-02-28;408.17999;409.29999;405.32001;407.72;13183100
2024-02-29;408.64001;414.20001;405.92001;413.64001;31947300
2024-03-01;411.26999;415.87;410.88;415.5;17800300
2024-03-04;413.44;417.35001;412.32001;414.92001;17596000
2024-03-05;413.95999;414.25;400.64001;402.64999;26919200
2024-03-06;402.97;405.16;398.39001;402.089996;22344100
2024-03-07;406.12;409.78;402.23999;409.14001;18718500
2024-03-08;407.95999;410.42001;404.32999;406.22;17971700
2024-03-11;403.76001;405.67999;401.26001;404.51999;16120800
2024-03-12;407.62;415.57001;406.79001;415.28;22457000
2024-03-13;418.10001;418.17999;411.45001;415.10001;17115900
2024-03-14;420.23999;427.82001;417.98999;425.22;34157300
2024-03-15;419.29001;422.60001;412.79001;416.42001;45049800
2024-03-18;414.25;420.73001;413.78;417.32001;20106000
2024-03-19;417.82999;421.67001;415.54999;421.41;19837900
2024-03-20;422.0;425.95999;420.66;425.23001;17860100
2024-03-21;429.82999;430.82001;427.16;429.37;21296200
2024-03-22;429.70001;429.85999;426.070007;428.73999;17636500
2024-03-25;425.23999;427.41;421.60999;422.85999;18060500
2024-03-26;425.60999;425.98999;421.35001;421.64999;16725600
2024-03-27;424.44;424.45001;419.01001;421.42999;16705000
2024-03-28;420.95999;421.87;419.12;420.72;21871200
2024-04-01;423.95001;427.89001;422.22;424.57001;16316000
2024-04-02;420.10999;422.38;417.84;421.44;17912000
2024-04-03;419.73001;423.26001;419.089996;420.45001;16502300
2024-04-04;424.98999;428.67001;417.57001;417.88;19370900
2024-04-05;420.01001;426.51001;418.32001;425.51999;16544300
2024-04-08;425.17001;427.28;423.29999;424.59;14272400
2024-04-09;426.44;427.73999;421.62;426.28;12512300
2024-04-10;422.19;424.029999;419.70001;423.26001;16216600
2024-04-11;425.82001;429.37;422.35999;427.92999;17966400
2024-04-12;424.049988;425.17999;419.76999;421.89999;19232100
2024-04-15;426.60001;426.82001;413.42999;413.64001;20273500
2024-04-16;414.57001;418.39999;413.73001;414.57999;16765600
2024-04-17;417.25;418.88;410.32999;411.84;15855500
2024-04-18;410.63;411.89001;403.95001;404.26999;21029900
2024-04-19;404.029999;405.48001;397.76999;399.12;30276500
2024-04-22;400.079987;402.85001;395.75;400.95999;20286900
2024-04-23;404.23999;408.20001;403.059998;407.57001;15734500
2024-04-24;409.56;412.47;406.78;409.059998;15065300
2024-04-25;394.029999;399.89001;388.029999;399.040009;40586500
2024-04-26;412.17001;413.0;405.76001;406.32001;29694700
2024-04-29;405.25;406.32001;399.19;402.25;19582100
2024-04-30;401.48999;402.16;389.17001;389.32999;28781400
2024-05-01;392.60999;401.72;390.31;394.94;23562500
2024-05-02;397.66;399.92999;394.64999;397.84;17709400
2024-05-03;402.28;407.14999;401.85999;406.66;17446700
2024-05-06;408.76001;413.92999;406.37;413.54001;16996600
2024-05-07;414.66;414.67001;409.089996;409.34;20018200
2024-05-08;408.17001;412.23001;406.70999;410.54001;11792300
2024-05-09;410.57001;412.72;409.10001;412.32001;14689700
2024-05-10;412.94;415.38;411.79999;414.73999;13402300
2024-05-13;418.01001;418.35001;410.82001;413.72;15440200
2024-05-14;412.019989;417.48999;411.54999;416.56;15109300
2024-05-15;417.89999;423.81;417.26999;423.079987;22239500
2024-05-16;421.79999;425.42001;420.35001;420.98999;17530100
2024-05-17;422.54001;422.92001;418.029999;420.20999;15352200
2024-05-20;420.20999;426.76999;419.98999;425.34;16272100
2024-05-21;426.82999;432.97;424.85001;429.040009;21453300
2024-05-22;430.089996;432.41;427.13;430.51999;18073700
2024-05-23;432.97;433.60001;425.42001;427.0;17211700
2024-05-24;427.19;431.059998;424.41;430.16;11845800
2024-05-28;429.63;430.82001;426.60001;430.32001;15718000
2024-05-29;425.69;430.94;425.69;429.17001;15517100
2024-05-30;424.29999;424.29999;414.23999;414.67001;28424800
2024-05-31;416.75;416.75;404.51001;415.13;47995300
2024-06-03;415.53;416.42999;408.92001;413.51999;17484700
2024-06-04;412.42999;416.44;409.67999;416.070007;14348900
2024-06-05;417.81;424.079987;416.29999;424.01001;16988000
2024-06-06;424.01001;425.31;420.57999;424.51999;14861300
2024-06-07;426.20001;426.28;423.0;423.85001;13621700
2024-06-10;424.70001;428.079987;423.89001;427.87;14003000
2024-06-11;425.48001;432.82001;425.25;432.67999;14551100
2024-06-12;435.32001;443.39999;433.25;441.059998;22366200
2024-06-13;440.85001;443.39001;439.37;441.57999;15960600
2024-06-14;438.28;443.14001;436.72;442.57001;13582000
2024-06-17;442.59;450.94;440.72;448.37;20790000
2024-06-18;449.70999;450.14001;444.89001;446.34;17112500
2024-06-20;446.29999;446.53;441.26999;445.70001;19877400
2024-06-21;447.38;450.57999;446.51001;449.78;34486200
2024-06-24;449.79999;452.75;446.41;447.67001;15913700
2024-06-25;448.25;451.42001;446.75;450.95001;16747500
2024-06-26;449.0;453.60001;448.19;452.16;16507000
2024-06-27;452.17999;456.17001;451.76999;452.85001;14806300
2024-06-28;453.070007;455.38;446.41;446.95001;28362300
2024-07-01;448.66;457.37;445.66;456.73001;17662800
2024-07-02;453.20001;459.59;453.10999;459.28;13979800
2024-07-03;458.19;461.019989;457.88;460.76999;9932800
2024-07-05;459.60999;468.35001;458.97;467.56;16000300
2024-07-08;466.54999;467.70001;464.45999;466.23999;12962300
2024-07-09;467.0;467.32999;458.0;459.54001;17207200
2024-07-10;461.22;466.45999;458.85999;466.25;18196100
2024-07-11;462.98001;464.78;451.54999;454.70001;23111200
2024-07-12;454.32999;456.35999;450.64999;453.54999;16324300
2024-07-15;453.29999;457.26001;451.42999;453.95999;14429400
2024-07-16;454.22;454.29999;446.66;449.51999;17175700
2024-07-17;442.59;444.85001;439.17999;443.51999;21778000
2024-07-18;444.34;444.64999;434.39999;440.37;20794800
2024-07-19;433.10001;441.14001;432.0;437.10999;20940400
2024-07-22;441.79001;444.60001;438.91;442.94;15808800
2024-07-23;443.89999;448.39001;443.10001;444.85001;13107100
2024-07-24;440.45001;441.48001;427.59;428.89999;26805800
2024-07-25;428.79999;429.79999;417.51001;418.39999;29943800
2024-07-26;418.20001;428.92001;417.26999;425.26999;23583800
2024-07-29;431.57999;432.14999;424.70001;426.73001;15125800
2024-07-30;427.72;429.049988;417.35999;422.92001;32687600
2024-07-31;420.5;421.78;412.20999;418.35001;42891400
2024-08-01;420.79001;427.45999;413.089996;417.10999;30296400
2024-08-02;412.48999;415.0;404.34;408.48999;29437900
2024-08-05;389.17001;401.040009;385.57999;395.14999;40709200
2024-08-06;400.0;405.67001;398.5;399.60999;24946500
2024-08-07;408.64001;410.079987;397.47;398.42999;20650900
2024-08-08;402.44;405.85999;399.94;402.69;20203000
2024-08-09;404.029999;408.049988;402.26001;406.019989;19276700
2024-08-12;407.059998;408.76001;404.23999;406.81;16762900
2024-08-13;409.59;414.95001;409.57001;414.01001;19414300
2024-08-14;414.79999;417.72;412.45001;416.85999;18267000
2024-08-15;419.79999;421.10999;417.66;421.029999;20752100
2024-08-16;420.60001;421.34;417.29999;418.47;22775600
2024-08-19;418.95999;421.75;416.45999;421.53;15234000
2024-08-20;421.70001;425.85999;421.64001;424.79999;16387600
2024-08-21;424.079987;426.39999;421.72;424.14001;16067300
2024-08-22;424.35999;426.79001;414.60999;415.54999;19361900
2024-08-23;416.98001;419.26001;412.089996;416.79001;18493800
2024-08-26;416.37;417.28;411.34;413.48999;13152800
2024-08-27;412.85999;414.35999;410.25;413.84;13492900
2024-08-28;414.88;415.0;407.31;410.60001;14882700
2024-08-29;414.94;422.049988;410.60001;413.12;17045200
2024-08-30;415.60001;417.48999;412.13;417.14001;24308300
2024-09-03;417.91;419.88;407.029999;409.44;20313600
2024-09-04;405.91;411.23999;404.37;408.89999;15135800
2024-09-05;407.62;413.10001;406.13;408.39001;14195500
2024-09-06;409.059998;410.64999;400.79999;401.70001;19609500
2024-09-09;407.23999;408.64999;402.14999;405.72;15295100
2024-09-10;408.20001;416.32999;407.70001;414.20001;19594300
2024-09-11;415.5;423.98999;409.57999;423.040009;19266900
2024-09-12;423.31;427.37;419.75;427.0;17418800
2024-09-13;425.82999;431.82999;425.45999;430.59;15874600
2024-09-16;430.60001;433.53;428.22;431.34;13834700
2024-09-17;440.23001;441.85001;432.26999;435.14999;18874200
2024-09-18;435.0;436.029999;430.41;430.81;18898000
2024-09-19;441.23001;441.5;436.89999;438.69;21706600
2024-09-20;437.22;439.23999;434.22;435.26999;55167100
2024-09-23;434.28;436.45999;430.39001;433.51001;15128900
2024-09-24;433.0;433.35001;426.10001;429.17001;17015800
2024-09-25;429.82999;433.12;428.57001;432.10999;13396400
2024-09-26;435.089996;435.29999;429.13;431.31;14492000
2024-09-27;431.51999;431.85001;427.47;428.019989;14896100
2024-09-30;428.20999;430.42001;425.37;430.29999;16807300
2024-10-01;428.45001;428.48001;418.81;420.69;19092900
2024-10-02;422.57999;422.82001;416.70999;417.13;16582300
2024-10-03;417.63;419.54999;414.29001;416.54001;13686400
2024-10-04;418.23999;419.75;414.97;416.059998;19169700
2024-10-07;416.0;417.10999;409.0;409.54001;20919800
2024-10-08;410.89999;415.66;408.17001;414.70999;19229300
2024-10-09;415.85999;420.38;414.29999;417.45999;14974300
2024-10-10;415.23001;417.35001;413.14999;415.84;13848400
2024-10-11;416.14001;417.13;413.25;416.32001;14144900
2024-10-14;417.76999;424.040009;417.51999;419.14001;16653100
2024-10-15;422.17999;422.48001;415.26001;418.73999;18900200
2024-10-16;415.17001;416.35999;410.48001;416.12;15508900
2024-10-17;422.35999;422.5;415.59;416.72;14820000
2024-10-18;417.14001;419.64999;416.26001;418.16;17145300
2024-10-21;416.12;418.95999;413.75;418.78;14206100
2024-10-22;418.48999;430.57999;418.040009;427.51001;25482200
2024-10-23;430.85999;431.079987;422.53;424.60001;19654400
2024-10-24;425.32999;425.98001;422.39999;424.73001;13581600
2024-10-25;426.76001;432.51999;426.57001;428.14999;16899100
2024-10-28;431.66;431.94;426.29999;426.59;14882400
2024-10-29;428.0;433.17001;425.79999;431.95001;17644100
2024-10-30;437.44;438.5;432.10001;432.53;29749100
2024-10-31;415.35999;416.16;406.29999;406.35001;53971000
2024-11-01;409.01001;415.5;407.5;410.37;24230400
2024-11-04;409.79999;410.42001;405.57001;408.45999;19672300
2024-11-05;408.37;414.89999;408.079987;411.45999;17626000
2024-11-06;412.42001;420.45001;410.51999;420.17999;26681800
2024-11-07;421.28;426.85001;419.88;425.42999;19901800
2024-11-08;425.32001;426.5;421.78;422.54001;16891400
2024-11-11;422.51999;424.81;416.0;418.01001;24503300
2024-11-12;418.25;424.44;417.20001;423.029999;19401200
2024-11-13;421.64001;429.32999;418.20999;425.20001;21502200
2024-11-14;425.0;428.17001;420.0;426.89001;30246900
2024-11-15;419.82001;422.79999;413.64001;415.0;28247600
2024-11-18;414.87;418.39999;412.10001;415.76001;24742000
2024-11-19;413.10999;417.94;411.54999;417.79001;18133500
2024-11-20;416.87;417.29001;410.57999;415.48999;19191700
2024-11-21;419.5;419.78;410.29001;412.87;20780200
2024-11-22;411.37;417.39999;411.059998;417.0;24814600
2024-11-25;418.38;421.079987;414.85001;418.79001;27691100
2024-11-26;419.59;429.040009;418.85001;427.98999;23458900
2024-11-27;425.10999;427.23001;422.019989;422.98999;18332400
2024-11-29;420.089996;424.88;417.79999;423.45999;16271900
2024-12-02;421.57001;433.0;421.31;430.98001;20207200
2024-12-03;429.84;432.47;427.73999;431.20001;18302000
2024-12-04;433.029999;439.67001;432.63;437.42001;26009400
2024-12-05;437.92001;444.66;436.17001;442.62;21697800
2024-12-06;442.29999;446.10001;441.76999;443.57001;18821000
2024-12-09;442.60001;448.32999;440.5;446.019989;19144400
2024-12-10;444.39001;449.62;441.60001;443.32999;18469500
2024-12-11;444.049988;450.35001;444.049988;448.98999;19200200
2024-12-12;449.10999;456.16;449.10999;449.56;20834800
2024-12-13;448.44;451.42999;445.57999;447.26999;20177800
2024-12-16;447.26999;452.17999;445.28;451.59;23598800
2024-12-17;451.01001;455.29001;449.57001;454.45999;22733500
2024-12-18;451.32001;452.64999;437.019989;437.39001;24444500
2024-12-19;441.62;443.17999;436.32001;437.029999;22963700
2024-12-20;433.10999;443.73999;428.63;436.60001;64263700
2024-12-23;436.73999;437.64999;432.82999;435.25;19152500
2024-12-24;434.64999;439.60001;434.19;439.32999;7164500
2024-12-26;439.079987;440.94;436.63;438.10999;8194200
2024-12-27;434.60001;435.22;426.35001;430.53;18117700
2024-12-30;426.059998;427.54999;421.89999;424.82999;13158700
2024-12-31;426.10001;426.73001;420.66;421.5;13246500
2025-01-02;425.53;426.070007;414.85001;418.57999;16896500
2025-01-03;421.079987;424.029999;419.54001;423.35001;16662900
2025-01-06;428.0;434.32001;425.48001;427.85001;20573600
2025-01-07;429.0;430.64999;420.79999;422.37;18139100
2025-01-08;423.45999;426.97;421.54001;424.56;15054600
2025-01-10;424.63;424.70999;415.019989;418.95001;20201100
2025-01-13;415.23999;418.5;412.29001;417.19;17604800
2025-01-14;417.81;419.73999;410.72;415.67001;16935900
2025-01-15;419.13;428.14999;418.26999;426.31;19637800
2025-01-16;428.70001;429.48999;424.39001;424.57999;15300000
2025-01-17;434.089996;434.48001;428.17001;429.029999;26197500
2025-01-21;430.20001;430.89999;425.60001;428.5;26085700
2025-01-22;437.56;447.26999;436.0;446.20001;27803800
2025-01-23;442.0;446.75;441.5;446.70999;18389300
2025-01-24;445.16;446.64999;441.39999;444.059998;15549500
2025-01-27;424.01001;435.20001;423.5;434.56;35647800
2025-01-28;434.60001;448.38;431.38;447.20001;23491700
2025-01-29;446.69;446.88;440.39999;442.32999;23581400
2025-01-30;418.76999;422.85999;413.16;414.98999;54586300
2025-01-31;418.98001;420.69;414.91;415.059998;34223400
2025-02-03;411.60001;415.41;408.66;410.92001;25679100
2025-02-04;412.69;413.92001;409.73999;412.37;20532100
2025-02-05;412.35001;413.82999;410.39999;413.29001;16316700
2025-02-06;414.0;418.20001;414.0;415.82001;16309800
2025-02-07;416.48001;418.64999;408.10001;409.75;22886800
2025-02-10;413.70999;415.45999;410.92001;412.22;20817900
2025-02-11;409.64001;412.48999;409.29999;411.44;18140600
2025-02-12;407.20999;410.75;404.37;409.040009;19121700
2025-02-13;407.0;411.0;406.35999;410.54001;23891700
2025-02-14;407.79001;408.91;405.88;408.42999;22758500
2025-02-18;408.0;410.60001;406.5;409.64001;21423100
2025-02-19;407.88;415.48999;407.64999;414.76999;24114200
2025-02-20;415.29001;419.31;412.54001;416.13;23508700
2025-02-21;417.34;418.049988;407.89001;408.20999;27524800
2025-02-24;408.51001;409.37;399.32001;404.0;26443700
2025-02-25;401.10001;401.92001;396.70001;397.89999;29387400
2025-02-26;398.01001;403.60001;394.25;399.73001;19619000
2025-02-27;401.26999;405.73999;392.17001;392.53;21127400
2025-02-28;392.66;397.63;386.57001;396.98999;32845700
2025-03-03;398.82001;398.82001;386.16;388.48999;23007700
2025-03-04;383.39999;392.57999;381.0;388.60999;29342900
2025-03-05;389.34;401.67001;388.81;401.019989;23433100
2025-03-06;394.28;402.14999;392.67999;396.89001;23304600
2025-03-07;392.32001;394.79999;385.54001;393.31;22034100
2025-03-10;385.84;386.39999;377.22;380.16;32840100
2025-03-11;379.0;386.0;376.91;380.45001;30380200
2025-03-12;382.95001;385.22;378.95001;383.26999;24253600
2025-03-13;383.16;385.32001;377.45001;378.76999;20473000
2025-03-14;379.78;390.23001;379.51001;388.56;19952800
2025-03-17;386.70001;392.70999;385.57001;388.70001;22474300
2025-03-18;387.070007;387.37;381.10001;383.51999;19486900
2025-03-19;385.53;389.67999;384.0;387.82001;19185500
2025-03-20;385.73999;391.79001;383.28;386.84;18470500
2025-03-21;383.22;391.73999;382.79999;391.26001;39675900
2025-03-24;395.39999;395.39999;389.81;393.079987;21004500
2025-03-25;393.92001;396.35999;392.64001;395.16;15775000
2025-03-26;395.0;395.31;388.57001;389.97;16108400
2025-03-27;390.13;392.23999;387.39999;390.57999;13766800
2025-03-28;388.079987;389.13;376.92999;378.79999;21632000
2025-03-31;372.54001;377.070007;367.23999;375.39001;35184700
2025-04-01;374.64999;382.85001;373.23001;382.19;19689500
2025-04-02;377.97;385.079987;376.62;382.14001;16092600
2025-04-03;374.79001;377.48001;369.35001;373.10999;30198000
2025-04-04;364.13;374.59;359.48001;359.84;49209900
2025-04-07;350.88;371.0;344.79001;357.85999;50425000
2025-04-08;368.26001;373.64999;350.25;354.56;35868900
2025-04-09;353.54001;393.23001;353.10001;390.48999;50199700
2025-04-10;382.059998;383.89999;367.79999;381.35001;38024400
2025-04-11;380.64001;390.049988;378.89001;388.45001;23839200
2025-04-14;393.22;394.64999;384.20999;387.81;19251200
2025-04-15;388.51001;391.89001;384.16;385.73001;17199900
2025-04-16;380.67001;381.60999;368.0;371.60999;21967800
2025-04-17;373.75;374.32001;366.89001;367.78;20943700
2025-04-21;362.82001;364.48001;355.67001;359.12;20807300
2025-04-22;363.38;367.76999;359.85999;366.82001;19485000
2025-04-23;376.059998;380.39001;373.019989;374.39001;20545500
2025-04-24;375.70001;388.45001;375.19;387.29999;22232300
2025-04-25;387.0;392.16;384.60001;391.85001;18973200
2025-04-28;391.95999;392.73999;386.64001;391.16;16579400
2025-04-29;391.29999;395.10001;390.38;394.040009;14974000
2025-04-30;390.29999;396.66;384.44;395.26001;36461100
2025-05-01;431.10999;436.98999;424.89999;425.39999;58938100
2025-05-02;431.73999;439.44;429.98999;435.28;30757400
2025-05-05;432.87;439.5;432.10999;436.17001;20136100
2025-05-06;432.20001;437.73001;431.17001;433.31;15104200
2025-05-07;433.84;438.12;431.10999;433.35001;23295300
2025-05-08;437.92999;443.67001;435.66;438.17001;23491300
2025-05-09;440.0;440.73999;435.88;438.73001;15324200
2025-05-12;445.94;449.37;439.78;449.26001;22821900
2025-05-13;447.78;450.67001;445.35999;449.14001;23618800
2025-05-14;448.14001;453.89999;448.14001;452.94;19902800
2025-05-15;450.76999;456.19;450.42999;453.13;21992300
2025-05-16;452.049988;454.35999;448.73001;454.26999;23849800
2025-05-19;450.88;459.59;450.79999;458.87;21336500
2025-05-20;455.59;458.34;454.32001;458.17001;15441800
2025-05-21;454.57001;457.78;451.81;452.57001;19216900
2025-05-22;454.95001;460.25;453.89999;454.85999;18025600
2025-05-23;449.98001;453.69;448.91;450.17999;16883500
2025-05-27;456.48001;460.95001;456.12;460.69;20974300
2025-05-28;461.22;462.51999;456.92999;457.35999;17086300
2025-05-29;461.54999;461.72;455.31;458.67999;13974800
2025-05-30;459.72;461.67999;455.54001;460.35999;34770500
2025-06-02;457.14001;462.10999;456.89001;461.97;16626500
2025-06-03;461.47;464.14001;460.85999;462.97;15743800
2025-06-04;464.0;465.69;463.019989;463.87;14162700
2025-06-05;464.95999;469.64999;464.029999;467.67999;20131700
2025-06-06;470.089996;473.34;468.78;470.38;15285600
2025-06-09;469.70001;473.42999;468.62;472.75;16469900
2025-06-10;471.19;472.79999;466.95999;470.92001;15375900
2025-06-11;470.019989;475.47;469.66;472.62;16399200
2025-06-12;475.019989;480.42001;473.51999;478.87;18950600
2025-06-13;476.41;479.17999;472.76001;474.95999;16814500
2025-06-16;475.20999;480.69;475.0;479.14001;15626100
2025-06-17;475.39999;478.73999;474.079987;478.040009;15414100
2025-06-18;478.0;481.0;474.45999;480.23999;17526500
2025-06-20;482.23001;483.45999;476.87;477.39999;37576200
2025-06-23;478.20999;487.75;472.51001;486.0;24864000
2025-06-24;488.95001;491.85001;486.79999;490.10999;22305600
2025-06-25;492.040009;494.56;489.39001;492.26999;17495100
2025-06-26;492.98001;498.040009;492.81;497.45001;21578900
2025-06-27;497.54999;499.29999;493.029999;495.94;34539200
2025-06-30;497.040009;500.76001;495.32999;497.41;28369000
2025-07-01;496.47;498.049988;490.98001;492.049988;19945400
2025-07-02;489.98999;493.5;488.70001;491.089996;16319600
2025-07-03;493.81;500.13;493.44;498.84;13984800
2025-07-07;497.38;498.75;495.23001;497.72;13981600
2025-07-08;497.23999;498.20001;494.10999;496.62;11846600
2025-07-09;500.29999;506.78;499.73999;503.51001;18659500
2025-07-10;503.049988;504.44;497.75;501.48001;16492100
2025-07-11;498.47;505.029999;497.79999;503.32001;16459500
2025-07-14;501.51999;503.97;501.029999;503.019989;12058800
2025-07-15;503.019989;508.29999;502.79001;505.82001;14927200
2025-07-16;505.17999;506.72;501.89001;505.62;15154400
2025-07-17;505.67999;513.37;505.62;511.70001;17503100
2025-07-18;514.47998;514.64001;507.42999;510.049988;21209700
2025-07-21;506.70999;512.090027;505.54999;510.059998;14066800
2025-07-22;510.97;511.20001;505.26999;505.26999;13868600
2025-07-23;506.75;506.79001;500.70001;505.87;16396600
2025-07-24;508.76999;513.66998;507.29999;510.88;16107000
2025-07-25;512.46997;518.28998;510.35999;513.71002;19125700
2025-07-28;514.080017;515.0;510.12;512.5;14308000
2025-07-29;515.53003;517.62;511.56;512.57001;16469200
2025-07-30;515.16998;515.95001;509.44;513.23999;26380400
2025-07-31;555.22998;555.45001;531.90002;533.5;51617300
2025-08-01;535.0;535.79999;520.85999;524.10999;28977600
2025-08-04;528.27002;538.25;528.13;535.64001;25349000
2025-08-05;537.17999;537.29999;527.23999;527.75;19171600
2025-08-06;530.90002;531.70001;524.030029;524.94;21355700
2025-08-07;526.79999;528.090027;517.54999;520.84003;16079100
2025-08-08;522.59998;524.65997;519.40997;522.039978;15531000
2025-08-11;522.29999;527.59003;519.71997;521.77002;20194400
2025-08-12;523.75;530.97998;522.70001;529.23999;18667000
2025-08-13;532.10999;532.70001;519.37;520.58002;19619200
2025-08-14;522.56;525.95001;520.14001;522.47998;20269100
2025-08-15;522.77002;526.099976;519.080017;520.16998;25213300
2025-08-18;521.59003;522.82001;514.02002;517.099976;23760600
2025-08-19;515.0;515.15997;508.54999;509.76999;21481000
2025-08-20;509.87;511.0;504.44;505.72;27723000
2025-08-21;503.69;507.63;502.72;504.23999;18443300
2025-08-22;504.25;510.73001;502.41;507.23001;24324200
2025-08-25;506.63;508.19;504.12;504.26001;21638600
2025-08-26;504.35999;504.98001;498.51001;502.040009;30835700
2025-08-27;502.0;507.29001;499.89999;506.73999;17277900
2025-08-28;507.089996;511.089996;505.5;509.64001;18015600
2025-08-29;508.66;509.60001;504.48999;506.69;20961600
2025-09-02;500.47;506.0;496.81;505.12;18128000
2025-09-03;503.79001;507.79001;502.32001;505.35001;16345100
2025-09-04;504.29999;508.14999;503.14999;507.97;15509500
2025-09-05;509.070007;511.97;492.37;495.0;31994800
2025-09-08;498.10999;501.20001;495.029999;498.20001;16771000
2025-09-09;501.42999;502.25;497.70001;498.41;14410500
2025-09-10;502.98001;503.23001;496.72;500.37;21611800
2025-09-11;502.25;503.17001;497.88;501.01001;18881600
2025-09-12;506.64999;512.54999;503.85001;509.89999;23624900
2025-09-15;508.79001;515.46997;507.0;515.35999;17143800
2025-09-16;516.88;517.22998;508.60001;509.040009;19711900
2025-09-17;510.62;511.29001;505.92999;510.019989;15816600
2025-09-18;511.48999;513.070007;507.66;508.45001;18913700
2025-09-19;510.56;519.29999;510.31;517.92999;52474100
2025-09-22;515.59003;517.73999;512.53998;514.45001;20009300
2025-09-23;513.79999;514.59003;507.31;509.23001;19799600
2025-09-24;510.38;512.47998;506.92001;510.14999;13533700
2025-09-25;508.29999;510.01001;505.040009;507.029999;15786500
2025-09-26;510.059998;513.94;506.62;511.45999;16213100
2025-09-29;511.5;516.84998;508.88;514.59998;17617800
2025-09-30;513.23999;518.15997;509.66;517.95001;19728200
2025-10-01;514.79999;520.51001;511.69;519.71002;22632300
2025-10-02;517.64001;521.59998;510.67999;515.73999;21222900
2025-10-03;517.099976;520.48999;515.0;517.34998;15112300
2025-10-06;518.60999;531.030029;518.20001;528.57001;21388600
2025-10-07;528.28998;529.79999;521.44;523.97998;14615200
2025-10-08;523.28003;526.95001;523.090027;524.84998;13363400
2025-10-09;522.34003;524.33002;517.40002;522.40002;18343600
2025-10-10;519.64001;523.58002;509.63;510.95999;24133800
2025-10-13;516.40997;516.40997;511.67999;514.049988;14284200
2025-10-14;510.23001;515.28003;506.0;513.57001;14684300
2025-10-15;514.96002;517.19;510.0;513.42999;14694700
2025-10-16;512.58002;516.84998;508.13;511.60999;15559600
2025-10-17;509.040009;515.47998;507.31;513.58002;19867800
2025-10-20;514.60999;518.70001;513.42999;516.78998;14665600
2025-10-21;517.5;518.69;513.039978;517.65997;15586200
2025-10-22;521.15002;525.22998;517.71002;520.53998;18962700
2025-10-23;522.46002;523.95001;518.60999;520.56;14023500
2025-10-24;522.78998;525.34998;520.71002;523.60999;15532400
2025-10-27;531.78003;534.58002;529.01001;531.52002;18734700
2025-10-28;550.0;553.71997;540.77002;542.070007;29986700
2025-10-29;544.94;546.27002;536.72998;541.54999;36023000
2025-10-30;530.47998;534.96997;522.12;525.76001;41023100
2025-10-31;528.88;529.32001;515.099976;517.81;34006400
2025-11-03;519.81;524.96002;514.59003;517.030029;22374700
2025-11-04;511.76001;515.54999;507.84;514.33002;20958700
2025-11-05;513.29999;514.83002;506.57999;507.16;23024300
2025-11-06;505.66;505.70001;495.81;497.10001;27406500
2025-11-07;496.95001;499.38;493.25;496.82001;24019800
2025-11-10;500.040009;506.85001;498.79999;506.0;26101500
2025-11-11;504.79999;509.60001;502.35001;508.67999;17980000
2025-11-12;509.35999;511.67001;499.12;511.14001;26574900
2025-11-13;510.31;513.5;501.29001;503.29001;25273100
2025-11-14;498.23001;511.60001;497.44;510.17999;28505700
2025-11-17;508.45001;512.12;504.91;507.48999;19092800
2025-11-18;495.37;502.98001;486.78;493.79001;33815100
2025-11-19;490.10001;495.19;482.82999;487.12;23245300
2025-11-20;492.70999;493.57001;475.5;478.42999;26802500
2025-11-21;478.5;478.92001;468.26999;472.12;31769200
2025-11-24;475.0;476.89999;468.019989;474.0;34421000
2025-11-25;474.070007;479.14999;464.89001;476.98999;28019800
2025-11-26;486.31;488.31;481.20001;485.5;25709100
2025-11-28;487.60001;492.63;486.64999;492.01001;14386700
2025-12-01;488.44;489.85999;484.64999;486.73999;23964000
2025-12-02;486.72;493.5;486.32001;490.0;19562700
2025-12-03;476.32001;484.23999;475.20001;477.73001;34615100
2025-12-04;479.76001;481.32001;476.48999;480.84;22318200
2025-12-05;482.51999;483.39999;478.88;483.16;22608700
2025-12-08;484.89001;492.29999;484.38;491.019989;21965900
2025-12-09;489.10001;492.12;488.5;492.019989;14696100
2025-12-10;484.029999;484.25;475.079987;478.56;35756200
2025-12-11;476.63;486.029999;475.85999;483.47;24669200
2025-12-12;479.82001;482.45001;476.34;478.53;21248100
2025-12-15;480.10001;480.72;472.51999;474.82001;23727700
2025-12-16;471.91;477.89001;470.88;476.39001;20705600
2025-12-17;476.91;480.0;475.0;476.12;24527200
2025-12-18;478.19;489.60001;477.89001;483.98001;28573500
2025-12-19;487.35999;487.85001;482.48999;485.92001;70836100
2025-12-22;486.12;488.73001;482.69;484.92001;16963000
2025-12-23;484.98001;487.82999;484.73999;486.85001;14683600
2025-12-24;485.67999;489.16;484.82999;488.019989;5855900
2025-12-26;486.70999;488.12;485.95999;487.70999;8842200
2025-12-29;484.85999;488.35001;484.17999;487.10001;10893400
2025-12-30;485.92999;489.67999;485.5;487.48001;13944500
2025-12-31;487.84;488.14001;483.29999;483.62;15601600
2026-01-02;484.39001;484.66;470.16;472.94;25571600
2026-01-05;474.059998;476.070007;469.5;472.85001;25250300
2026-01-06;473.79999;478.73999;469.75;478.51001;23037700
2026-01-07;479.76001;489.70001;477.95001;483.47;25564200
2026-01-08;481.23999;482.66;475.85999;478.10999;18162600
2026-01-09;474.059998;479.82001;472.20001;479.28;18491000
2026-01-12;476.67001;480.98999;475.67999;477.17999;23519900
2026-01-13;474.67999;475.78;465.95001;470.67001;28545800
2026-01-14;466.45999;468.20001;457.17001;459.38;28184300
2026-01-15;464.12;464.25;455.89999;456.66;23225800
2026-01-16;457.82999;463.19;456.48001;459.85999;34246700
2026-01-20;451.22;456.79999;449.28;454.51999;26130000
2026-01-21;452.60001;452.69;438.67999;444.10999;37980500
2026-01-22;447.62;452.84;444.70001;451.14001;25349400
2026-01-23;451.87;471.10001;450.53;465.95001;38000200
2026-01-26;465.31;474.25;462.0;470.28;29291200
2026-01-27;473.70001;482.87;473.16;480.57999;29213900
2026-01-28;483.20999;483.73999;478.0;481.63;36875400
2026-01-29;439.98999;442.5;421.019989;433.5;128855300
2026-01-30;439.17001;439.60001;426.45001;430.29001;58566800
2026-02-02;430.23999;430.73999;422.25;423.37;42219900
2026-02-03;422.01001;422.049988;408.56;411.20999;61424100
2026-02-04;411.0;419.79999;409.23999;414.19;45012400
2026-02-05;407.44;408.29999;392.32001;393.67001;66289200
2026-02-06;399.17001;401.79001;392.92001;401.14001;53515300
2026-02-09;404.85001;414.89001;400.87;413.60001;45480500
2026-02-10;419.62;423.67999;412.70001;413.26999;44857900
2026-02-11;416.17999;416.45999;401.01001;404.37;42491000
2026-02-12;405.0;406.20001;398.01001;401.84;40802400
2026-02-13;404.45001;405.54001;398.049988;401.32001;34091600
2026-02-17;399.22;400.51999;394.53;396.85999;32078800
2026-02-18;398.13;402.56;396.32001;399.60001;23223400
2026-02-19;400.69;404.42999;396.67001;398.45999;28234000
2026-02-20;396.10999;400.12;395.16;397.23001;34015200
2026-02-23;395.0;395.35999;383.10001;384.47;43238300
2026-02-24;384.14001;389.35999;381.70999;389.0;33884700
2026-02-25;390.53;401.47;390.16;400.60001;43625500
2026-02-26;404.70999;407.48999;398.73999;401.72;34405900
2026-02-27;390.88;396.82001;389.88;392.73999;51367200
2026-03-02;392.85999;401.19;390.63;398.54999;35474900
2026-03-03;393.14001;406.70001;392.67001;403.92999;38199200
2026-03-04;401.26999;411.029999;400.31;405.20001;35808000
2026-03-05;404.42001;411.60999;404.39999;410.67999;39001300
2026-03-06;409.20001;413.049988;408.51001;408.95999;31123900
2026-03-09;404.92001;410.20999;403.5;409.41;30131900
2026-03-10;410.029999;410.20001;402.92999;405.76001;31706400
2026-03-11;405.57001;409.01001;401.59;404.88;25512100
2026-03-12;404.63;406.12;401.70999;401.85999;27263900
2026-03-13;401.0;404.79999;394.25;395.54999;26848000
2026-03-16;398.070007;400.63;394.79001;399.95001;27733700
2026-03-17;400.26999;404.39999;397.75;399.41;26228300
2026-03-18;397.13;398.0;391.0;391.79001;25908500
2026-03-19;390.10001;392.48999;387.059998;389.019989;25138800
2026-03-20;386.79001;387.0;380.12;381.87;50853200
2026-03-23;383.89999;387.20999;381.67999;383.0;29680100
2026-03-24;382.35999;382.47;371.85001;372.73999;42733600
2026-03-25;376.92001;377.059998;369.63;371.040009;31181200
2026-03-26;370.82001;374.72;365.19;365.97;36836600
2026-03-27;361.89999;362.45001;356.51001;356.76999;37883400
2026-03-30;361.89999;365.35999;356.28;358.95999;44797000
2026-03-31;364.54999;372.89999;363.070007;370.17001;45244400
2026-04-01;373.48999;373.98999;368.20001;369.37;29417200
2026-04-02;367.20999;373.64001;364.14999;373.45999;24099100
2026-04-06;373.48999;373.73001;369.5;372.88;16146600
2026-04-07;370.34;372.45001;366.56;372.29001;21443300
2026-04-08;384.98001;385.0;371.41;374.32999;33064800
2026-04-09;372.5;373.5;367.049988;373.070007;30435300
2026-04-10;372.98001;375.64001;370.029999;370.87;28111100
2026-04-13;373.60999;384.54001;371.019989;384.37;35745800
2026-04-14;387.92001;394.69;386.51999;393.10999;37504500
2026-04-15;398.0;414.37;396.73001;411.22;45063400
2026-04-16;419.85999;420.82001;412.14001;420.26001;41642400
2026-04-17;424.82001;431.57999;420.69;422.79001;48568200
2026-04-20;421.14999;423.32999;416.29999;418.070007;27582200
2026-04-21;420.23999;427.17999;417.20001;424.16;32048500
2026-04-22;426.19;433.70001;423.67001;432.92001;29378200
2026-04-23;419.89001;423.66;411.41;415.75;38308000
2026-04-24;416.97;424.95001;415.79999;424.62;27457400
2026-04-27;422.38;427.10999;417.070007;424.82001;30867300
2026-04-28;424.57001;429.92001;421.89999;429.25;30438100
2026-04-29;424.57999;426.82001;420.29001;424.45999;38288300
2026-04-30;410.81;414.42001;398.01001;407.78;70909400
2026-05-01;412.79999;417.10999;410.44;414.44;31372400
2026-05-04;411.54001;420.78;410.79999;413.62;28066500
2026-05-05;415.32001;416.78;408.79999;411.38;25700900
2026-05-06;408.0;418.42001;405.10999;413.95999;30285900
2026-05-07;420.10999;427.98001;418.76001;420.76999;34942400
2026-05-08;417.39001;418.63;414.0;415.12;33383800
2026-05-11;407.87;412.69;405.5;412.66;35657900
2026-05-12;414.48001;415.5;406.64001;407.76999;38594200
2026-05-13;403.20001;406.31;401.029999;405.20999;29667100
2026-05-14;404.48001;411.84;400.88;409.42999;27077500
2026-05-15;414.26999;428.17001;412.91;421.92001;50771200
2026-05-18;416.62;425.12;415.60999;423.54001;32564100
2026-05-19;429.89999;432.70001;416.48999;417.42001;33018700
2026-05-20;414.17001;422.10001;411.29999;421.059998;27864000
2026-05-21;424.75;426.34;415.70999;419.089996;31393500
2026-05-22;419.54001;424.39999;416.32999;418.57001;22390300
2026-05-26;416.42999;419.76999;413.019989;416.029999;30398000
2026-05-27;411.01001;415.94;409.57999;412.67001;28901500
2026-05-28;412.98001;429.48999;412.67001;426.98999;47250500
2026-05-29;432.54999;450.32999;432.35999;450.23999;79654400
2026-06-01;464.84;466.32001;458.26999;460.51999;53628900
2026-06-02;446.88;453.5;440.42999;441.31;37036800
2026-06-03;438.45001;440.39001;424.25;427.34;39037000
2026-06-04;435.81;436.14999;426.41;428.049988;26899500
2026-06-05;428.34;429.47;414.39999;416.67001;34782200
2026-06-08;414.14001;417.16;408.56;411.73999;32086700
2026-06-09;409.029999;411.98001;398.48001;403.41;35317300
2026-06-10;398.54999;405.040009;397.16;397.35999;32576000
2026-06-11;395.20999;396.85001;384.0;390.34;47224100
2026-06-12;391.42999;391.73999;382.26999;390.73999;34865800
2026-06-15;396.79999;401.75;392.85001;399.76001;32266400
2026-06-16;395.79001;396.84;390.69;393.82999;31506800
2026-06-17;390.25;390.37;377.32001;378.91;41987800
2026-06-18;377.82001;381.37;373.28;379.39999;59714200
2026-06-22;375.73999;381.63;367.070007;367.34;45171100
2026-06-23;372.38;377.22;370.67001;373.94;40647600
2026-06-24;371.57001;378.88;364.78;365.45999;44509900
2026-06-25;362.76999;364.23001;349.20001;352.82999;66179000
2026-06-26;357.14999;376.60999;355.42999;372.97;186201600
2026-06-29;377.5;380.5;359.89999;368.57001;51229900
2026-06-30;371.029999;374.14999;367.45001;373.019989;44945700
2026-07-01;380.82999;388.82999;374.89001;384.28;48065800
2026-07-02;384.48001;392.20001;383.70001;390.48999;42128900
2026-07-06;387.040009;389.14999;381.22;386.73999;34224500
2026-07-07;392.48999;395.57001;388.22;388.84;29297500
2026-07-08;384.029999;385.31;381.32999;383.34;25908300
2026-07-09;374.45001;384.64999;373.35001;384.35999;31083200
2026-07-10;387.79999;391.91;381.5;385.10001;24644600
2026-07-13;387.75;393.64999;384.14999;390.98999;28914900
2026-07-14;382.82001;388.19;378.64999;384.92999;27863900
2026-07-15;387.79999;398.95999;386.39999;395.63;36253700
2026-07-16;398.31;405.98999;392.049988;401.10001;37047400
2026-07-17;394.85999;398.39001;389.39001;393.82001;33049800
2026-07-20;391.41;403.17999;389.64999;402.29001;27915800
2026-07-21;398.81;401.47;396.32001;397.75;24126600
2026-07-22;399.57999;401.0;386.95999;390.34;28142500
2026-07-23;389.97;391.78;377.39001;381.57999;30351800
2026-07-24;387.049988;389.029999;380.64999;381.70001;27659400
2026-07-27;390.079987;394.20001;387.98999;389.10001;27856200
2026-07-28;393.16;400.32001;391.29999;393.35001;32367500
2026-07-29;393.39999;401.25;388.73999;390.54001;47209000
2026-07-30;437.89999;458.69;432.44;451.10001;110160700
2026-07-31;450.0;466.84;449.32999;464.72;60846000
2026-08-03;476.13;491.64999;475.0;487.64999;66762100
2026-08-04;480.89999;499.44;479.17001;492.81;50455500
2026-08-05;496.35999;498.23999;485.67999;487.45999;33388900
2026-08-06;488.54999;501.56;488.51999;499.85999;36441500
2026-08-07;499.20999;505.17999;498.73001;499.98999;28846200
2026-08-10;503.44;513.72998;502.26999;506.059998;31206100
2026-08-11;504.32999;505.32999;499.54999;503.81;23049800
2026-08-12;499.98999;501.5;491.51999;492.42999;29001500
2026-08-13;493.26999;501.34;493.01001;496.88;23039000
2026-08-14;496.35999;500.01001;493.92001;495.39999;16217600
2026-08-17;490.14001;492.66;478.41;480.35001;29635800
2026-08-18;481.54001;484.26999;477.14999;481.63;24087600
2026-08-19;480.070007;489.29999;479.35999;484.31;19961900
2026-08-20;483.29999;484.16;479.5;481.14999;20020800
2026-08-21;479.88;486.35999;478.53;483.23999;22510800
2026-08-24;483.20999;490.60999;481.85999;487.31;17230800
2026-08-25;485.44;492.44;484.29999;491.70999;19519000
2026-08-26;487.85001;497.39999;487.31;496.37;20758900
2026-08-27;494.88;506.48001;490.079987;505.059998;28688800
2026-08-28;505.32999;517.78003;504.87;513.53003;29207300
2026-08-31;510.38;512.19;506.39001;507.29001;27208900
2026-09-01;497.51999;505.97;496.78;501.019989;21046900
2026-09-02;499.85001;500.26999;493.81;496.82001;15336100
2026-09-03;501.66;515.65002;500.79999;510.12;24125900
2026-09-04;510.0;511.0;499.35999;499.70001;18101800
2026-09-08;493.01001;495.19;490.14999;493.95001;18882300
2026-09-09;493.070007;494.39001;489.79999;491.64999;12889600
2026-09-10;488.32001;494.51999;486.0;492.44;16038800
2026-09-11;495.64999;498.97;492.57999;495.63;14510500
2026-09-14;497.059998;509.95001;495.34;505.41;23091900
2026-09-15;500.059998;505.89999;495.54001;497.12;17794600
2026-09-16;493.029999;495.97;487.23001;490.29999;16670300
2026-09-17;497.79999;501.47;493.17001;497.75;17841600
2026-09-18;497.97;498.64999;491.10001;493.78;39622300
2026-09-21;494.95001;501.87;491.32999;501.60999;27959900
2026-09-22;507.32001;508.5;493.64999;498.0;21652800
2026-09-23;500.76001;509.44;495.88;500.59;19445600
2026-09-24;495.070007;498.89999;491.22;497.92999;16637200
2026-09-25;499.14;517.46;497.35;513.9;581720
